familyId,AAAA,AAAU,AAAG,AAAC,AAA,AAUA,AAUU,AAUG,AAUC,AAU,AAGA,AAGU,AAGG,AAGC,AAG,AACA,AACU,AACG,AACC,AAC,AA,AUAA,AUAU,AUAG,AUAC,AUA,AUUA,AUUU,AUUG,AUUC,AUU,AUGA,AUGU,AUGG,AUGC,AUG,AUCA,AUCU,AUCG,AUCC,AUC,AU,AGAA,AGAU,AGAG,AGAC,AGA,AGUA,AGUU,AGUG,AGUC,AGU,AGGA,AGGU,AGGG,AGGC,AGG,AGCA,AGCU,AGCG,AGCC,AGC,AG,ACAA,ACAU,ACAG,ACAC,ACA,ACUA,ACUU,ACUG,ACUC,ACU,ACGA,ACGU,ACGG,ACGC,ACG,ACCA,ACCU,ACCG,ACCC,ACC,AC,UAAA,UAAU,UAAG,UAAC,UAA,UAUA,UAUU,UAUG,UAUC,UAU,UAGA,UAGU,UAGG,UAGC,UAG,UACA,UACU,UACC,UAC,UA,UUAA,UUAU,UUAG,UUAC,UUA,UUUA,UUUU,UUUG,UUUC,UUU,UUGA,UUGU,UUGG,UUGC,UUG,UUCA,UUCU,UUCG,UUCC,UUC,UU,UGAA,UGAU,UGAG,UGAC,UGA,UGUA,UGUU,UGUG,UGUC,UGU,UGGA,UGGU,UGGG,UGGC,UGG,UGCA,UGCU,UGCG,UGCC,UGC,UG,UCAA,UCAU,UCAG,UCAC,UCA,UCUA,UCUU,UCUG,UCUC,UCU,UCGA,UCGG,UCGC,UCG,UCCA,UCCU,UCCG,UCC,UC,GAAA,GAAU,GAAG,GAAC,GAA,GAUA,GAUU,GAUG,GAUC,GAU,GAGA,GAGU,GAGG,GAGC,GAG,GACA,GACU,GACG,GACC,GAC,GA,GUAA,GUAU,GUAG,GUAC,GUA,GUUA,GUUU,GUUG,GUU,GUGA,GUGU,GUGG,GUGC,GUG,GUCA,GUCU,GUCC,GUC,GU,GGAA,GGAU,GGAG,GGAC,GGA,GGUA,GGUU,GGUG,GGUC,GGU,GGGA,GGGU,GGGG,GGGC,GGG,GGCU,GGCG,GGCC,GGC,GG,GCAA,GCAU,GCAG,GCAC,GCA,GCUA,GCUU,GCUG,GCUC,GCU,GCGA,GCGG,GCGC,GCG,GCCA,GCCU,GCCG,GCCC,GCC,GC,CAAA,CAAU,CAAG,CAAC,CAA,CAUA,CAUU,CAUG,CAUC,CAU,CAGA,CAGU,CAGG,CAGC,CAG,CACA,CACU,CACG,CACC,CAC,CA,CUAA,CUAU,CUAG,CUAC,CUA,CUUA,CUUU,CUUG,CUUC,CUU,CUGA,CUGU,CUGG,CUGC,CUG,CUCA,CUCU,CUCC,CUC,CU,CGAA,CGAU,CGAG,CGAC,CGA,CGUA,CGUU,CGUC,CGU,CGGA,CGGU,CGGG,CGGC,CGG,CGCA,CGCU,CGCG,CGCC,CGC,CG,CCAA,CCAU,CCAG,CCAC,CCA,CCUA,CCUG,CCU,CCGA,CCGU,CCGG,CCGC,CCG,CCCA,CCCG,CCCC,CCC,CC
0,1,0,1,1,3,0,0,0,0,0,0,0,0,2,2,0,3,0,0,3,8,0,0,0,0,0,1,0,0,0,1,2,0,0,0,2,0,0,0,0,1,4,0,0,0,0,0,0,0,0,0,0,0,0,0,0,0,2,2,0,0,4,4,0,0,0,0,0,2,1,0,1,4,0,0,0,0,0,0,0,0,0,0,4,0,0,1,1,2,0,0,0,0,0,0,0,0,1,1,0,0,0,0,3,1,0,0,0,1,0,0,2,0,2,2,0,0,1,3,0,0,0,0,0,6,3,2,1,0,6,0,0,1,0,1,0,0,0,0,0,0,1,0,0,1,8,0,0,0,1,1,0,0,0,0,0,0,0,0,0,0,1,0,1,3,2,0,0,1,3,0,1,1,0,2,0,0,0,1,1,0,0,0,0,0,6,0,0,0,0,0,0,0,0,0,1,0,0,0,1,0,0,0,0,1,0,0,0,0,0,0,0,0,0,0,0,0,0,0,0,0,0,0,0,0,0,2,0,0,2,0,1,1,1,3,0,0,0,0,0,0,0,0,0,5,0,0,0,0,0,0,0,1,1,2,0,0,0,0,0,0,1,0,0,1,3,1,0,1,0,2,0,2,0,0,2,1,1,0,0,2,1,0,1,2,8,0,0,0,0,0,0,0,0,0,0,0,0,0,0,0,0,0,0,0,0,0,0,0,0,0,0,1,1,0,0,0,0,0,0,0,0,0,1
0,1,0,1,2,4,0,0,0,0,0,0,0,0,1,1,1,3,0,0,4,9,0,0,0,0,0,1,0,0,0,1,2,0,0,0,2,0,0,0,0,1,4,0,0,0,0,0,0,0,0,0,0,0,0,0,0,0,1,2,0,0,3,3,0,1,0,0,1,2,1,0,1,4,0,0,0,0,0,0,0,0,0,0,5,1,0,0,1,2,0,0,0,0,0,0,0,0,1,1,0,0,0,0,3,1,0,0,0,1,0,0,2,0,2,2,0,0,1,3,0,0,0,0,0,6,3,2,1,0,6,0,0,1,0,1,0,0,0,0,0,0,1,0,0,1,8,0,0,0,1,1,0,0,0,0,0,0,0,0,0,0,1,0,1,3,2,0,0,1,3,0,1,1,0,2,0,0,0,1,1,0,0,0,0,0,6,0,0,0,0,0,0,0,0,0,1,0,0,0,1,0,0,0,0,1,0,0,0,0,0,0,0,0,0,0,0,0,0,0,0,0,0,0,0,0,0,1,0,0,1,0,1,1,1,3,0,0,0,0,0,0,0,0,0,4,0,0,0,0,0,0,0,1,1,2,0,0,0,0,0,0,1,0,0,1,3,1,0,1,0,2,0,2,0,0,2,1,1,0,0,2,1,0,1,2,8,0,0,0,0,0,0,0,0,0,0,0,0,0,0,0,0,0,0,0,0,0,0,0,0,0,0,1,1,0,0,0,0,0,0,0,0,0,1
0,1,0,1,2,4,1,0,0,0,1,0,0,0,1,1,1,3,0,0,4,10,1,0,0,0,1,0,0,0,0,0,2,0,0,0,2,0,0,0,0,1,4,0,0,0,0,0,0,0,0,0,0,0,0,0,0,0,1,2,0,0,3,3,0,1,0,0,1,2,1,0,1,4,0,0,0,0,0,0,0,0,0,0,5,1,0,0,1,2,0,0,0,0,0,0,0,0,1,1,0,0,0,0,3,0,0,0,0,0,0,0,2,0,2,2,0,0,1,3,0,0,0,0,0,5,4,1,1,0,6,0,0,1,0,1,0,0,0,0,0,0,1,0,0,1,8,0,0,0,1,1,0,0,0,0,0,0,0,0,0,0,1,0,1,3,2,1,0,1,4,0,0,1,0,1,0,0,0,1,1,0,0,0,0,0,6,0,0,0,0,0,0,0,0,0,1,0,0,0,1,0,0,0,0,1,0,0,0,0,0,0,0,0,0,0,0,0,0,0,0,0,0,0,0,0,0,1,0,0,1,0,1,1,1,3,0,0,0,0,0,0,0,0,0,4,0,0,0,0,0,0,0,1,1,2,0,0,0,0,0,0,1,0,0,1,3,1,0,1,0,2,0,2,0,0,2,1,1,0,0,2,1,0,1,2,8,0,0,0,0,0,0,0,0,0,0,0,0,0,0,0,0,0,0,0,0,0,0,0,0,0,0,1,1,0,0,0,0,0,0,0,0,0,1
0,1,1,0,2,4,1,0,0,1,2,0,0,0,0,0,1,1,0,0,3,9,0,0,0,1,1,0,0,0,0,0,4,0,0,0,4,1,0,0,0,1,6,1,0,0,0,1,0,0,1,0,1,0,0,0,0,0,0,1,0,0,1,3,0,1,1,1,3,2,0,0,0,2,0,0,0,0,0,0,1,1,0,2,8,0,0,0,0,0,0,0,2,0,2,0,0,0,1,1,1,0,0,1,4,0,0,0,0,0,0,0,0,1,1,0,0,0,0,0,0,1,0,0,1,2,3,1,1,1,6,0,0,0,0,0,0,0,0,0,0,0,0,0,0,0,6,1,0,0,1,2,1,0,0,0,1,0,0,0,0,0,0,0,0,3,2,1,0,1,4,0,0,1,0,1,1,0,0,0,1,1,0,0,1,2,8,0,0,0,0,0,0,0,0,0,1,0,0,0,1,0,0,0,0,1,0,0,0,0,0,0,0,0,0,0,0,0,0,0,0,0,0,0,0,0,0,0,0,0,0,0,0,0,1,1,0,0,0,0,0,0,0,0,0,1,1,0,0,0,1,0,0,1,0,1,0,1,0,0,1,0,1,0,1,2,5,0,2,1,0,3,0,0,0,0,0,1,0,0,0,1,1,0,0,1,5,0,0,0,1,1,0,0,0,0,0,0,0,0,0,0,0,0,0,0,1,0,0,0,0,0,0,1,1,1,0,0,0,1,0,0,0,0,2
0,1,0,0,3,4,0,0,1,1,2,0,0,0,0,0,2,1,0,0,4,10,0,0,0,0,0,0,0,0,0,0,4,0,0,0,4,1,0,0,0,1,5,1,0,0,0,1,0,0,0,0,0,1,0,0,0,1,0,1,0,0,1,3,0,0,1,2,3,2,0,1,0,3,0,0,0,0,0,0,1,0,0,1,8,0,1,0,0,1,0,0,2,0,2,0,0,0,1,1,0,0,0,0,4,0,0,0,0,0,0,0,0,1,1,0,0,0,0,0,0,1,0,0,1,2,2,1,1,1,5,0,0,0,0,0,0,0,0,0,0,0,1,0,0,1,6,1,0,0,1,2,1,0,0,0,1,0,0,0,0,0,0,0,0,3,2,1,0,1,4,0,0,1,0,1,1,0,0,0,1,0,1,0,0,1,7,0,0,0,0,0,0,0,0,0,0,0,0,0,0,0,0,0,0,0,1,0,0,0,1,0,0,0,0,0,0,0,0,0,0,0,0,0,0,1,0,0,0,0,0,1,0,0,1,2,0,0,0,0,0,0,0,0,0,2,1,0,0,0,1,0,0,0,0,0,0,0,1,0,1,1,1,0,1,3,5,1,2,1,0,4,0,0,0,0,0,1,0,0,1,2,1,0,0,1,7,0,0,0,0,0,0,0,0,0,0,0,0,0,0,0,0,0,0,0,0,0,0,0,0,0,0,1,1,0,0,0,0,0,0,0,0,0,1
1,1,1,0,2,4,0,0,2,0,2,0,1,0,1,2,2,0,0,1,3,11,0,0,0,0,0,0,1,0,0,1,0,0,4,0,4,0,0,0,0,0,5,1,0,0,0,1,0,0,0,2,2,3,0,2,0,5,0,0,2,0,2,10,0,0,4,1,5,0,0,0,0,0,0,0,1,0,1,0,0,1,1,2,8,0,0,0,0,0,0,0,0,0,0,0,0,1,0,1,0,0,0,0,1,0,0,0,0,0,0,1,0,1,3,0,0,0,0,0,0,0,1,1,2,6,1,0,0,0,1,0,0,0,0,0,4,0,0,1,5,0,0,0,1,1,7,0,0,0,1,1,0,0,1,0,1,0,1,0,1,0,1,0,1,4,3,0,2,1,6,0,1,1,0,2,0,0,0,1,1,2,0,1,0,3,12,0,0,1,0,1,0,1,0,1,1,0,0,0,1,1,1,0,2,5,4,2,1,3,10,0,1,1,0,2,2,2,2,0,6,0,2,0,2,20,1,0,1,0,2,0,1,0,0,1,0,2,2,4,1,0,0,0,1,8,0,1,0,0,1,0,0,0,0,0,1,1,4,0,6,1,0,0,1,2,9,0,0,0,0,0,0,0,0,1,1,0,0,1,1,2,0,0,0,0,3,0,0,0,0,0,1,0,0,1,1,0,2,1,4,2,1,0,0,3,8,0,0,1,0,1,0,1,1,0,1,0,1,2,0,1,1,2,6
1,2,0,1,0,3,0,0,0,1,1,0,0,3,1,4,1,0,0,0,1,9,0,0,0,0,0,0,0,0,1,1,0,1,2,0,3,1,0,1,0,2,6,1,1,1,0,3,0,0,0,1,1,4,0,1,1,6,0,0,2,1,3,13,1,0,2,0,3,0,0,0,0,0,0,0,0,0,0,1,0,0,1,2,5,0,0,0,0,0,0,0,0,0,0,1,0,0,0,1,0,0,0,0,1,0,0,0,0,0,0,1,0,0,2,0,0,0,0,0,1,0,0,0,1,4,0,0,0,0,0,0,0,1,1,2,2,1,0,0,3,2,0,0,0,2,7,1,0,2,0,3,0,0,1,0,1,0,0,1,1,0,0,0,0,5,1,0,1,0,2,0,1,2,1,4,1,0,0,0,1,2,0,0,1,3,10,0,0,0,0,0,0,1,0,1,0,1,0,1,2,1,1,0,2,5,1,3,0,3,7,0,1,1,0,2,1,1,1,0,3,0,0,1,1,13,2,0,2,0,4,0,0,1,0,1,0,1,2,3,1,1,0,1,3,11,0,1,2,1,4,0,0,0,0,0,1,1,3,2,7,0,0,0,1,1,12,0,0,1,0,1,0,0,0,0,0,0,0,1,1,2,0,0,0,0,3,0,0,0,0,0,0,0,0,0,0,0,1,0,1,2,1,1,1,5,6,0,0,1,1,2,1,0,1,0,0,0,2,2,0,2,1,3,8
1,3,0,2,2,7,0,0,0,0,0,0,1,2,1,4,1,0,1,1,3,14,0,0,1,0,1,0,1,0,0,1,0,1,1,0,2,0,0,0,0,0,4,1,0,0,0,1,0,0,0,1,1,4,0,3,0,7,0,0,1,0,1,10,1,0,3,0,4,0,0,0,0,0,1,1,1,0,3,0,0,0,1,1,8,0,0,0,0,0,0,0,0,0,0,0,0,1,0,1,0,0,0,0,1,0,0,0,0,0,0,1,0,1,3,0,0,0,1,1,0,0,1,1,2,7,0,0,0,0,0,0,0,0,1,1,1,0,2,0,3,0,0,1,1,2,6,0,0,0,1,1,0,0,1,0,1,0,1,0,1,0,1,0,1,4,2,0,2,1,5,1,1,1,0,3,0,0,0,0,0,2,0,2,0,4,12,0,0,0,0,0,0,1,1,2,0,0,1,0,1,1,1,0,2,5,3,2,0,4,9,0,1,1,0,2,4,1,2,1,8,0,2,0,2,21,1,0,1,0,2,0,1,0,0,1,1,1,2,4,1,0,0,0,1,8,2,0,0,0,2,0,0,0,0,0,1,0,4,0,5,1,0,0,0,1,8,0,0,0,0,0,0,0,0,1,1,0,0,1,1,2,0,0,0,0,3,1,1,0,0,2,0,1,0,1,0,1,1,1,3,2,1,0,0,3,9,0,0,1,0,1,0,1,1,0,0,0,1,1,0,1,1,2,5
1,0,1,2,1,4,0,0,1,0,1,0,0,0,3,3,3,0,0,0,3,11,0,0,0,0,0,0,0,0,1,1,0,1,3,0,4,0,0,0,0,0,5,0,0,0,0,0,0,0,1,1,2,3,0,2,0,5,1,0,1,1,3,10,1,0,2,1,4,0,0,0,0,0,0,2,0,0,2,0,0,0,0,0,6,0,0,0,0,0,0,0,0,0,0,0,0,1,0,1,0,0,0,0,1,0,0,0,0,0,0,1,0,0,2,0,0,0,0,0,0,1,1,0,2,5,1,0,0,0,1,0,0,0,1,1,2,0,0,1,3,1,0,0,1,2,7,0,0,1,0,1,0,0,2,0,2,0,1,1,2,0,0,0,0,5,2,0,1,0,3,0,1,2,0,3,0,1,0,0,1,1,0,1,0,2,9,0,0,1,0,1,0,1,0,1,1,0,0,0,1,1,1,0,3,6,2,3,1,2,8,0,1,0,0,1,2,1,1,0,4,0,2,0,2,15,3,0,1,0,4,0,1,0,0,1,0,2,2,4,1,0,0,1,2,11,2,0,0,2,4,0,0,0,0,0,0,1,4,0,5,0,0,1,0,1,10,0,0,0,0,0,0,0,0,1,1,0,0,0,2,2,0,0,0,0,3,0,0,0,0,0,1,0,1,2,1,0,1,1,3,2,1,1,0,4,9,0,0,1,0,1,0,0,0,0,0,0,1,1,0,1,1,2,4
1,0,0,0,1,1,0,0,0,1,1,0,0,2,1,3,2,0,1,0,3,8,0,0,0,0,0,0,0,0,1,1,0,1,1,0,2,1,0,1,0,2,5,0,1,0,0,1,0,0,0,1,1,4,0,1,1,6,1,0,2,1,4,12,2,0,3,2,7,0,0,1,0,1,1,0,1,0,2,1,0,0,0,1,11,0,0,0,0,0,0,0,0,0,0,0,0,0,0,0,0,0,0,0,0,0,0,0,0,0,0,1,0,0,2,0,0,0,0,0,1,0,0,0,1,4,0,0,1,0,1,0,0,0,1,1,2,0,0,0,2,1,0,0,0,1,5,1,0,2,0,3,0,0,1,0,1,0,0,1,1,0,0,0,0,5,0,0,1,1,2,0,1,1,1,3,0,0,0,1,1,3,0,1,0,4,10,0,0,0,0,0,0,1,0,1,1,0,0,0,1,1,1,0,2,4,1,2,0,4,7,0,1,1,0,2,1,1,1,0,3,0,0,1,1,13,2,0,2,1,5,0,0,0,0,0,0,1,2,3,1,0,0,1,2,10,1,1,2,1,5,0,0,0,0,0,1,1,4,2,8,2,1,0,1,4,17,0,0,0,0,0,0,0,0,0,0,0,0,1,1,2,0,0,0,0,2,1,0,0,0,1,0,0,0,0,0,1,1,0,2,3,0,1,0,4,7,0,0,1,1,2,0,0,0,0,0,0,1,1,0,1,1,2,5
1,0,0,0,1,1,0,0,0,1,1,0,0,2,1,3,1,0,0,0,1,6,0,0,0,0,0,0,0,0,1,1,0,1,2,0,3,1,0,1,0,2,6,0,1,0,1,2,0,0,0,1,1,4,0,1,1,6,1,0,2,1,4,13,1,0,3,1,5,1,0,0,0,1,0,0,0,1,1,0,0,0,0,0,7,0,0,0,0,0,0,0,0,0,0,1,0,0,0,1,1,0,0,1,2,0,0,0,0,0,0,1,0,0,2,0,0,0,0,0,1,0,0,0,1,4,0,0,1,0,1,0,0,0,1,1,2,1,0,0,3,1,0,0,0,1,6,1,0,2,0,3,0,0,1,0,1,0,0,1,1,0,0,0,0,5,0,0,1,0,1,0,1,2,1,4,0,0,0,1,1,3,1,0,0,4,10,0,0,0,0,0,0,1,0,1,1,0,0,0,1,1,1,0,2,4,1,3,0,3,7,0,1,1,0,2,1,1,1,0,3,0,0,1,1,13,2,0,2,0,4,0,0,1,0,1,0,1,2,3,1,1,1,1,4,12,1,1,2,0,4,0,0,0,0,0,1,1,4,2,8,0,0,1,0,1,13,0,0,1,1,2,0,0,0,0,0,0,0,1,1,2,0,0,0,0,4,0,0,0,0,0,0,0,0,0,0,0,1,0,1,2,1,1,2,6,7,0,0,1,0,1,1,0,1,0,0,0,2,2,0,1,1,2,6
2,0,1,2,0,3,1,0,0,0,1,0,1,0,1,2,0,0,0,1,1,7,2,0,0,0,2,0,0,0,1,1,1,0,0,0,1,0,1,0,0,1,5,0,0,0,0,0,0,1,0,0,2,0,0,0,0,0,0,2,0,0,2,4,0,0,0,0,0,0,0,0,0,0,0,0,0,0,0,0,0,2,0,2,2,2,0,0,1,3,0,1,1,1,3,0,0,0,1,1,0,0,0,0,7,0,2,0,0,2,1,0,1,0,2,0,0,1,0,1,1,0,0,0,1,6,0,0,1,0,1,1,0,0,0,1,0,1,0,0,1,0,0,0,0,0,3,0,1,0,1,2,1,1,0,0,2,0,0,0,0,0,0,0,0,4,1,0,0,0,1,0,0,0,0,0,0,1,0,0,1,0,0,0,0,0,2,0,1,0,0,1,1,1,0,2,0,0,0,0,0,1,1,0,2,6,0,0,0,0,0,0,1,0,0,1,0,0,0,0,0,0,0,0,0,1,0,0,0,0,0,1,0,1,0,2,0,0,0,0,0,0,0,0,0,2,0,0,0,0,0,1,0,0,0,1,0,0,0,0,0,0,0,0,1,1,2,1,0,1,0,2,0,1,0,0,1,0,1,0,0,1,0,0,0,0,4,1,0,0,0,1,0,0,1,1,0,0,0,0,0,0,0,0,0,0,2,0,0,0,0,0,0,0,0,1,1,0,0,2,0,0,0,0,2
2,0,0,1,0,1,0,0,0,0,0,0,1,0,1,2,0,0,0,1,1,4,1,0,0,0,1,0,0,0,0,0,1,0,0,0,1,0,1,0,0,1,3,0,1,1,0,2,0,0,1,0,2,0,0,0,0,0,0,2,0,1,3,7,0,0,1,0,1,0,0,0,0,0,0,0,0,0,0,0,0,1,0,1,2,0,0,0,1,1,0,0,1,1,2,1,0,0,1,2,0,0,0,0,5,0,1,0,0,1,0,0,1,0,1,0,0,1,0,1,0,0,0,0,0,3,0,0,1,0,1,1,0,0,0,1,0,1,0,0,1,0,0,0,1,1,4,1,0,0,0,1,1,1,0,1,3,0,0,0,0,0,0,0,0,4,1,0,0,0,1,1,0,0,0,1,0,1,0,1,2,0,0,0,0,0,4,0,1,0,0,1,1,0,0,1,0,0,0,1,1,0,0,0,0,4,0,0,0,0,0,0,1,0,0,1,0,0,0,0,0,0,0,0,0,1,0,0,0,0,0,1,0,1,1,3,0,0,0,0,1,0,1,0,2,5,0,0,1,0,1,0,0,0,0,0,1,0,0,0,1,1,0,0,0,1,3,0,0,2,0,2,0,1,0,0,1,0,1,0,0,1,1,2,0,3,7,1,0,0,0,1,0,0,0,0,0,0,0,0,0,0,1,0,0,1,2,0,0,0,1,1,0,0,0,1,0,0,1,2,0,0,0,0,3
2,0,0,1,0,1,0,0,0,0,0,0,0,0,1,1,0,0,0,0,0,2,1,0,0,0,1,0,0,0,0,0,1,0,0,0,1,1,1,0,0,2,4,0,0,0,0,0,0,2,0,0,2,0,1,0,0,1,0,2,0,0,2,5,0,1,0,0,1,0,0,0,0,0,0,0,0,0,0,0,0,1,0,1,2,1,0,0,0,1,0,0,1,1,2,0,0,1,1,2,1,0,1,2,7,0,1,0,1,2,0,0,2,0,2,0,1,2,0,3,0,1,0,0,1,9,0,0,1,0,1,2,0,0,0,2,0,2,0,0,2,0,0,0,0,0,5,0,1,0,0,1,1,1,0,0,2,0,0,0,0,0,0,0,0,3,0,0,0,0,0,0,0,0,0,0,0,2,0,0,2,0,0,0,0,0,2,0,1,0,1,2,2,1,1,5,0,0,0,0,0,0,0,0,0,7,0,0,1,0,1,0,3,0,0,3,0,0,0,0,0,0,0,0,0,4,0,0,0,0,0,1,0,1,0,2,0,0,0,0,0,0,0,0,0,2,0,0,0,0,0,1,0,0,1,2,0,0,0,0,0,0,0,0,0,0,2,0,0,2,0,2,0,1,0,0,1,0,1,0,0,1,0,0,0,0,4,0,0,0,0,0,0,0,0,0,1,0,0,0,1,0,0,0,0,0,1,0,0,0,0,0,0,0,0,0,0,1,0,1,0,0,0,0,1
2,0,0,1,0,1,1,0,0,0,1,0,0,0,1,1,1,0,0,0,1,4,2,0,0,0,2,0,0,1,0,1,1,0,0,0,1,1,1,0,0,2,6,0,0,0,0,0,1,1,0,0,2,0,1,0,0,1,0,2,0,0,2,5,0,1,0,0,1,0,0,0,0,0,0,0,0,0,0,0,0,1,0,1,2,1,1,0,1,3,0,1,1,1,3,0,0,1,1,2,0,0,1,1,9,1,1,0,1,3,1,0,1,0,2,0,1,1,0,2,0,1,0,0,1,9,0,0,1,0,1,1,1,0,0,2,0,1,0,0,1,0,0,0,0,0,4,0,1,0,0,1,1,1,0,0,2,0,0,0,0,0,0,0,0,3,0,0,0,0,0,0,0,0,0,0,0,2,0,0,2,0,0,0,0,0,2,0,2,0,0,2,2,1,0,4,0,0,0,0,0,0,0,0,0,6,0,0,1,0,1,0,2,0,0,2,0,0,0,0,0,0,0,0,0,3,0,0,0,0,0,1,0,1,0,2,0,0,0,0,0,0,0,0,0,2,0,0,0,0,0,1,0,0,1,2,0,0,0,0,0,0,0,0,0,0,2,0,0,2,0,2,0,1,0,0,1,0,1,0,0,1,0,0,0,0,4,0,0,0,0,0,0,0,0,0,1,0,0,0,1,0,0,0,0,0,1,0,0,0,0,0,0,0,0,0,0,1,0,1,0,0,0,0,1
2,0,0,2,0,2,0,0,0,0,0,0,1,0,1,2,0,0,0,1,1,5,2,0,0,0,2,0,0,0,2,2,1,0,0,0,1,0,2,0,0,2,7,0,1,0,0,1,0,0,1,0,2,0,0,0,0,0,0,2,0,0,2,5,0,0,0,0,0,0,0,0,0,0,0,0,0,0,0,0,0,1,0,1,1,1,0,0,1,2,0,1,1,1,3,1,0,0,1,2,0,0,0,0,7,0,2,0,0,2,0,0,1,0,1,0,0,1,0,1,2,1,0,0,3,7,0,0,1,0,1,1,1,0,0,2,0,1,0,0,1,0,0,0,0,0,4,0,2,0,0,2,1,2,0,0,3,0,0,0,0,0,0,0,0,5,1,0,0,0,1,1,0,0,0,1,0,1,0,0,1,0,0,0,0,0,3,0,1,0,0,1,2,0,0,2,0,1,0,0,1,0,0,0,0,5,0,0,0,0,0,0,1,0,0,1,0,0,0,0,0,0,0,0,0,1,0,0,0,0,0,1,0,1,0,2,0,0,0,0,0,0,0,0,0,2,0,0,0,0,0,1,1,0,0,2,0,0,0,0,0,0,0,0,0,0,2,0,0,2,0,2,0,1,0,1,2,0,1,0,0,1,0,0,0,0,5,1,0,0,0,1,0,0,0,0,0,0,0,0,0,0,0,0,0,0,1,0,0,0,0,0,0,0,0,1,0,0,0,1,0,0,0,0,1
2,0,0,2,0,2,0,0,0,0,0,0,1,0,2,3,0,0,0,0,0,5,1,0,0,0,1,0,0,0,0,0,1,0,0,0,1,0,1,0,0,1,3,0,0,0,0,0,1,1,0,0,2,0,1,0,0,1,0,3,0,0,3,6,0,0,0,0,0,0,1,1,0,2,0,0,0,0,0,1,0,0,0,1,3,1,0,1,0,2,0,0,1,1,2,0,0,1,1,2,0,2,1,3,9,0,1,0,2,3,0,0,1,0,1,0,0,1,0,1,1,0,0,0,1,6,0,0,1,0,1,1,0,0,0,1,0,1,0,1,2,0,0,0,0,0,4,0,1,0,0,1,1,0,0,0,1,0,0,0,0,0,0,0,0,2,0,0,0,0,0,0,0,0,0,0,0,1,0,0,1,0,0,0,0,0,1,1,1,0,0,2,3,0,0,3,0,0,0,0,0,0,0,0,0,5,0,0,0,0,0,0,2,0,0,2,0,0,0,0,0,1,0,0,1,3,0,0,0,0,0,1,1,1,0,4,0,0,0,0,0,0,0,0,0,4,1,0,0,0,1,1,0,0,0,1,0,0,0,0,0,0,0,0,0,0,2,0,0,2,0,2,0,1,0,1,2,0,1,1,0,2,0,0,0,0,7,0,0,0,0,0,0,0,0,0,0,0,0,0,0,0,0,0,0,0,0,1,0,0,0,1,0,0,0,0,0,0,0,0,0,0,0,0,1
2,0,0,2,1,3,0,0,0,0,0,0,0,0,2,2,0,1,0,0,1,6,1,0,1,0,2,1,1,0,0,2,1,0,0,0,1,0,0,0,0,0,5,0,2,0,0,2,0,0,0,0,0,0,0,0,0,0,1,2,0,0,3,5,0,0,0,0,0,1,1,0,0,2,0,0,0,0,0,1,0,0,0,1,3,2,0,0,0,2,0,0,1,0,1,2,0,0,1,3,0,1,1,2,8,1,0,1,1,3,2,0,1,0,3,0,0,1,0,1,1,0,0,0,1,8,0,1,0,0,1,1,0,0,0,1,0,0,0,1,1,0,1,0,0,1,4,0,1,0,0,1,0,0,0,0,0,0,0,0,0,0,0,0,0,1,0,0,0,0,0,1,2,0,0,3,0,0,0,0,0,0,0,0,0,0,3,0,1,0,0,1,0,0,0,0,0,0,0,0,0,0,0,0,0,1,0,0,0,0,0,0,0,0,0,0,0,0,0,0,0,0,1,0,1,1,0,0,0,0,1,1,2,1,0,4,0,0,1,1,0,0,0,0,0,6,1,0,0,0,1,1,0,0,0,1,0,0,0,0,0,0,0,0,0,0,3,0,0,1,1,2,0,2,0,1,3,0,1,0,0,1,0,0,0,0,6,0,0,0,0,0,0,0,0,0,0,0,0,0,0,0,1,0,0,1,1,1,0,0,0,1,0,0,0,0,0,0,0,0,0,0,0,0,1
2,0,0,1,0,1,0,0,0,0,0,0,0,1,1,2,0,1,0,0,1,4,1,1,0,0,2,1,1,0,0,2,0,0,1,0,1,0,1,0,0,1,6,0,0,0,0,0,0,0,0,0,0,0,1,0,0,1,0,2,0,0,2,3,0,1,0,0,1,0,1,0,0,1,0,0,0,0,0,0,0,1,0,1,3,1,0,0,0,1,0,1,1,1,3,0,0,0,1,1,1,0,1,2,7,0,1,0,1,2,0,1,2,0,3,1,0,1,0,2,1,1,0,0,2,9,1,0,0,0,1,1,0,0,0,1,1,1,0,0,2,0,0,0,0,0,4,0,1,0,0,1,1,1,0,0,2,0,0,0,0,0,0,0,0,3,0,0,1,1,2,1,0,0,0,1,0,0,0,0,0,0,0,0,0,0,3,0,1,0,0,1,1,0,0,1,0,0,0,0,0,0,0,0,0,3,0,1,0,0,1,0,1,0,0,2,0,0,0,0,0,0,0,0,0,3,0,0,0,0,0,1,0,1,0,2,0,0,0,0,0,0,0,0,0,2,0,0,0,0,0,1,1,0,0,2,0,0,0,0,0,0,0,0,0,0,2,0,0,1,1,2,0,1,0,1,2,0,1,0,0,1,0,0,0,0,5,1,0,0,0,1,0,0,0,0,0,0,0,0,0,0,0,0,0,0,1,0,0,0,0,0,0,0,0,1,0,0,0,1,0,0,0,0,1
2,0,0,2,0,2,1,1,0,0,2,0,0,0,2,2,0,0,0,0,0,6,1,1,1,0,3,1,2,0,0,3,1,0,0,0,1,0,0,0,0,0,7,1,1,0,0,2,0,0,0,0,0,0,0,0,0,0,1,2,0,0,3,5,0,0,0,0,0,0,0,0,0,0,0,0,0,0,0,1,0,0,0,1,1,1,1,0,0,2,0,1,1,0,2,2,0,0,1,3,0,0,1,1,8,1,0,1,1,3,2,0,1,1,4,0,0,1,0,1,1,0,0,0,1,9,0,1,0,0,1,1,0,0,0,1,0,0,0,1,1,0,1,0,0,1,4,0,1,0,0,1,0,0,0,0,0,0,0,0,0,0,0,0,0,1,0,1,0,0,1,1,1,0,0,2,0,0,0,0,0,0,0,0,0,0,3,0,1,0,0,1,0,0,0,0,0,0,0,0,0,0,0,0,0,1,0,0,0,0,0,0,0,0,0,0,0,0,0,0,0,0,1,0,1,1,0,0,0,0,1,1,2,1,0,4,0,0,1,1,0,0,0,0,0,6,1,0,0,0,1,1,0,0,0,1,0,0,0,0,0,0,0,0,0,0,3,0,0,1,0,1,0,2,0,0,2,0,1,0,0,1,0,0,0,0,4,0,0,0,0,0,0,0,0,0,0,0,0,0,0,0,1,0,0,1,1,1,0,0,0,1,0,0,0,0,0,0,0,0,0,0,0,0,1
2,0,0,1,0,1,1,0,0,0,1,0,1,0,1,2,0,0,1,0,1,5,3,0,0,0,3,0,0,0,0,0,1,0,0,0,1,0,1,0,0,1,5,0,0,0,0,0,0,1,1,0,2,0,0,0,0,0,0,2,0,1,3,5,0,0,0,0,0,0,0,0,0,0,0,1,0,0,1,0,0,1,0,1,2,1,1,0,1,3,0,0,1,1,2,0,0,0,2,2,0,0,1,1,8,0,1,0,0,1,0,1,1,0,2,0,0,1,0,1,0,0,0,0,0,5,0,1,1,0,2,1,0,0,0,1,0,1,0,0,1,0,0,0,0,0,4,0,1,0,0,1,1,1,0,0,2,0,0,0,0,0,0,0,0,3,0,0,1,0,1,1,0,0,0,1,0,1,0,0,1,0,0,0,0,0,3,0,1,0,0,1,1,0,0,2,1,0,0,0,1,1,0,0,1,5,0,0,0,0,0,0,1,0,0,1,0,0,0,0,0,0,0,0,0,1,0,0,0,0,0,1,0,1,0,2,0,0,0,0,0,1,0,0,1,3,0,0,0,0,0,1,0,0,0,1,0,0,0,0,0,0,0,0,0,0,1,0,0,2,1,3,0,1,0,0,1,0,1,0,0,1,0,0,0,0,5,1,0,0,0,1,0,0,1,1,0,0,0,0,0,0,0,0,0,0,2,0,0,0,0,0,1,0,1,1,0,0,0,1,0,0,0,0,2
2,0,0,1,0,1,1,1,0,0,2,0,0,0,1,1,0,0,0,0,0,4,3,0,0,0,3,0,2,0,1,3,0,1,1,0,2,0,1,0,0,1,9,0,0,0,0,0,0,0,0,0,0,0,0,0,0,0,0,2,0,0,2,2,0,0,0,0,0,0,0,0,0,0,0,0,0,0,0,0,0,1,0,1,1,1,2,0,0,3,0,2,1,0,3,0,0,0,1,1,0,0,1,1,8,0,1,0,1,2,2,2,1,0,5,0,0,1,0,1,0,1,0,1,2,10,0,1,0,0,1,1,0,0,1,2,1,1,0,0,2,0,0,0,0,0,5,0,0,0,0,0,1,1,0,0,2,0,0,0,0,1,0,0,1,4,0,0,0,0,0,1,0,1,1,3,0,0,0,0,0,0,0,0,0,0,3,0,1,0,0,1,0,0,0,0,1,0,0,0,1,0,0,0,1,3,0,1,0,0,1,0,0,1,0,1,0,0,0,0,0,0,0,0,0,2,0,0,0,0,0,1,0,1,0,2,0,0,0,0,0,0,0,0,0,2,0,0,0,0,0,1,0,0,0,1,0,0,0,0,0,0,0,0,0,0,1,0,1,1,0,2,0,1,0,0,1,0,1,0,0,1,0,0,0,0,4,0,1,0,0,1,0,0,0,0,0,0,0,0,0,0,0,0,0,0,1,0,1,0,0,1,0,0,0,1,0,0,0,1,0,0,0,0,2
2,0,0,1,0,1,0,0,1,1,2,0,0,0,1,1,0,0,0,1,1,5,1,0,0,0,1,0,0,0,0,0,0,1,0,0,1,1,1,0,0,2,4,1,0,0,0,1,0,0,1,0,1,0,0,0,0,0,0,2,0,0,2,4,0,0,0,0,0,0,0,0,0,0,0,0,0,0,0,0,0,1,0,1,1,1,0,0,0,1,0,0,0,0,0,0,0,0,1,1,0,0,0,0,2,0,0,0,0,0,0,0,1,1,2,0,0,1,0,1,0,0,0,1,1,4,1,0,1,0,2,0,0,2,1,4,1,1,0,0,2,0,0,0,0,0,8,0,1,0,0,1,0,1,1,1,3,0,0,0,0,0,1,0,1,5,0,2,0,1,3,0,0,0,0,0,1,1,0,0,2,0,0,0,0,0,5,0,0,0,0,0,0,1,0,1,1,2,0,0,3,0,1,0,1,6,0,0,1,0,1,0,1,0,0,1,0,0,0,0,0,0,0,0,0,2,0,0,0,0,0,0,0,2,0,2,0,0,0,0,0,0,0,0,0,2,0,0,0,0,0,1,0,0,0,1,0,0,0,0,0,0,0,0,0,0,1,0,0,1,0,1,0,1,0,0,1,1,1,1,0,3,0,1,0,1,6,1,0,0,0,1,0,0,0,0,0,0,0,0,0,0,0,0,0,0,1,0,0,0,0,0,1,0,1,1,0,0,0,1,0,0,0,0,2
2,0,0,1,0,1,0,0,1,0,1,0,0,0,1,1,0,0,0,1,1,4,1,0,0,0,1,0,0,0,0,0,1,3,0,0,4,0,1,0,0,1,6,1,0,1,0,2,0,0,1,0,1,0,0,0,0,0,0,2,0,0,2,5,0,0,0,0,0,0,0,0,0,0,0,0,0,0,0,0,0,1,0,1,1,1,0,0,0,1,0,0,2,1,3,1,0,0,1,2,0,0,0,0,6,0,1,0,0,1,0,0,1,0,1,0,0,1,0,1,0,0,0,0,0,3,0,1,1,0,2,2,0,1,1,5,0,1,0,0,1,0,0,0,0,0,8,0,1,0,0,1,1,1,0,0,2,0,0,0,0,0,0,0,0,3,0,1,0,1,2,0,0,1,0,1,1,1,0,0,2,0,0,0,0,0,5,0,2,0,0,2,1,0,0,1,1,1,0,0,2,1,1,0,2,8,0,0,0,0,0,0,1,0,0,1,0,0,0,0,0,0,0,0,0,1,0,0,0,0,0,1,0,1,0,2,0,0,0,0,0,0,0,0,0,2,0,0,0,0,0,1,0,0,0,1,0,0,0,0,0,0,0,0,0,0,1,0,0,2,0,2,0,1,0,0,1,0,1,0,0,1,0,0,0,0,4,1,0,0,0,1,0,0,0,0,0,0,0,0,0,0,0,0,0,0,1,0,0,0,0,0,0,0,0,1,0,0,0,1,0,0,0,0,1
2,0,0,2,0,2,0,0,0,0,0,0,0,0,2,2,0,0,0,0,0,4,1,2,0,0,3,0,0,0,0,0,1,0,0,0,1,1,1,0,0,2,6,0,0,0,0,0,0,1,1,0,2,0,0,0,0,0,2,1,0,0,3,5,0,0,0,0,0,0,0,0,0,0,0,0,0,0,0,0,0,0,0,0,0,1,0,0,0,1,2,0,1,1,4,0,1,0,0,1,0,0,0,0,6,0,1,0,0,1,1,1,1,0,3,0,1,1,0,2,1,1,0,0,2,8,0,1,1,0,2,1,1,0,0,2,0,2,0,0,2,0,0,0,0,0,6,0,1,1,0,2,1,1,0,0,2,0,0,0,0,0,0,0,0,4,0,0,0,0,0,0,0,0,1,1,0,1,0,0,1,0,0,0,0,0,2,0,1,0,0,1,0,1,1,3,1,1,0,0,2,0,0,0,0,6,0,0,0,0,0,0,1,1,0,2,0,0,0,0,0,0,0,0,0,2,1,0,0,0,2,0,0,1,0,1,0,0,0,0,0,0,0,0,0,3,1,0,0,0,1,1,0,0,0,1,0,0,0,1,1,0,0,0,0,0,4,0,0,1,0,1,0,1,0,0,1,0,0,1,0,1,0,0,0,0,3,0,0,0,0,0,0,0,0,0,0,0,0,0,0,0,0,0,0,0,0,0,0,0,0,0,0,0,0,0,0,0,0,0,0,0,0,0,0
2,3,0,2,0,5,0,0,0,0,0,0,0,0,1,2,1,0,0,0,1,8,2,0,0,0,2,0,0,0,0,0,1,0,0,0,1,0,2,0,0,2,5,0,1,0,0,1,0,0,1,1,2,0,0,0,0,0,0,2,0,0,2,6,1,0,0,0,1,0,0,0,0,0,0,0,0,0,0,0,0,0,0,0,1,1,0,0,1,2,0,0,1,1,2,1,0,0,1,2,0,0,0,0,6,0,1,0,0,1,0,0,1,0,1,0,0,1,0,1,1,0,0,0,1,4,0,0,1,0,1,1,0,1,0,2,1,2,0,0,3,0,0,0,0,0,6,0,1,0,0,1,1,2,0,0,3,0,0,0,0,0,0,0,0,4,0,0,0,0,0,1,0,0,0,1,0,2,0,0,2,0,0,0,0,0,3,0,1,0,0,1,1,0,0,1,0,1,2,0,3,0,1,0,1,6,0,0,1,0,1,0,1,1,0,2,0,0,0,0,0,0,0,0,0,3,0,0,0,0,0,1,0,1,0,2,0,0,0,0,0,0,0,0,0,2,1,0,0,0,1,1,0,0,0,1,0,0,0,0,0,0,0,0,0,0,2,0,0,2,0,2,0,1,0,1,2,0,1,0,0,1,0,0,0,0,5,0,0,0,0,0,0,0,0,0,0,0,0,0,0,0,0,0,0,0,0,0,0,0,0,0,0,0,0,0,0,0,0,0,0,0,0,0,0
2,0,1,2,0,3,1,0,0,0,1,0,1,0,1,2,0,0,0,1,1,7,1,1,0,0,2,0,0,0,0,0,2,0,0,0,2,1,1,0,0,2,6,1,0,1,0,2,0,1,0,0,2,0,0,0,0,0,0,2,0,0,2,6,0,0,0,0,0,0,0,0,0,0,0,0,0,0,0,0,0,1,0,1,1,1,0,0,0,1,0,0,2,2,4,1,0,0,1,2,0,0,0,0,7,0,2,0,0,2,0,0,1,0,1,0,0,1,0,1,0,0,0,0,0,4,1,0,1,0,2,1,0,0,0,1,0,1,0,0,1,0,0,0,0,0,4,0,1,0,0,1,1,1,0,0,2,0,0,0,0,0,0,0,0,3,2,0,0,1,3,0,0,0,0,0,1,1,0,0,2,0,0,0,0,0,5,0,1,0,0,1,2,0,0,2,0,0,0,0,0,0,0,0,0,4,0,0,0,0,0,0,1,0,0,1,0,0,0,0,0,0,0,0,0,1,0,0,0,0,0,1,0,1,0,2,0,0,0,0,0,0,0,0,0,2,0,0,0,0,0,1,0,0,0,1,0,0,0,0,0,0,0,0,0,0,1,0,0,2,0,2,0,1,0,0,1,0,1,0,0,1,0,1,0,1,5,1,0,0,0,1,0,0,0,0,0,0,0,0,0,0,0,0,0,0,1,0,0,0,0,0,0,0,0,1,0,0,0,1,0,0,0,0,1
2,0,0,2,0,2,0,0,0,0,0,0,1,0,1,2,0,0,0,1,1,5,2,0,0,0,2,0,0,0,0,0,1,0,0,0,1,0,3,0,0,3,6,0,1,0,0,1,0,0,1,0,2,0,0,0,0,0,0,2,0,0,2,5,0,0,0,0,0,0,0,0,0,0,0,0,0,0,0,0,0,1,0,1,1,1,0,0,1,2,0,0,1,2,3,1,0,0,1,2,0,0,0,0,7,0,2,0,0,2,1,0,1,0,2,0,0,1,0,1,1,0,0,0,1,6,0,0,1,0,1,1,1,0,0,2,0,1,0,0,1,0,0,0,1,1,5,0,1,0,0,1,1,1,1,0,3,0,0,0,0,0,0,0,0,4,1,0,0,0,1,1,0,0,0,1,0,1,0,0,1,0,0,0,0,0,3,0,1,0,0,1,1,1,0,2,0,1,0,0,1,0,0,0,0,5,0,0,0,0,0,0,1,0,0,1,0,0,0,0,0,0,0,0,0,1,0,0,0,0,0,1,0,1,0,2,0,0,0,0,0,1,0,0,1,3,0,0,0,0,0,1,0,0,0,1,0,0,0,0,0,0,0,0,0,0,1,0,0,2,0,2,0,1,0,1,2,0,1,0,1,2,0,0,0,0,6,1,0,0,0,1,0,0,0,0,0,0,0,0,0,0,0,0,0,0,1,0,0,0,0,0,0,0,1,1,0,0,0,1,0,0,0,0,2
2,0,0,2,0,2,0,0,0,0,0,0,1,0,1,2,0,0,0,1,1,5,2,0,0,0,2,0,0,0,0,0,1,0,0,0,1,0,2,0,0,2,5,0,1,0,0,1,0,0,1,0,2,0,0,0,0,0,0,2,0,0,2,5,0,0,0,0,0,0,0,0,0,0,0,0,0,0,0,0,0,1,0,1,1,1,0,0,1,2,0,0,1,1,2,1,0,0,1,2,0,0,0,0,6,0,1,0,0,1,0,0,1,0,1,0,0,1,0,1,0,0,0,0,0,3,0,0,1,0,1,1,0,1,0,2,0,1,0,1,2,0,1,0,0,1,6,0,1,0,0,1,1,1,0,0,2,0,0,0,0,0,0,0,0,3,1,0,0,0,1,1,0,0,0,1,0,1,0,0,1,0,0,0,0,0,3,0,1,0,0,1,1,0,0,1,0,1,0,1,2,1,0,0,1,6,0,0,0,0,0,0,1,0,0,1,0,0,0,0,0,0,0,1,1,2,0,0,0,0,0,1,0,2,0,3,0,0,0,0,0,0,1,0,1,4,0,0,0,0,0,1,0,0,0,1,0,0,0,0,0,0,0,0,0,0,1,0,0,2,0,2,0,1,0,0,1,0,1,1,0,2,0,0,0,0,5,1,0,0,0,1,0,0,1,1,0,0,0,0,0,0,0,0,0,0,2,0,0,0,0,0,0,0,0,1,1,0,0,2,0,0,0,0,2
2,0,0,1,0,1,0,0,0,0,0,0,0,0,1,1,0,0,0,0,0,2,1,0,0,0,1,1,0,0,1,2,1,0,0,0,1,1,1,0,0,2,6,0,0,0,0,0,1,1,0,0,2,0,1,0,0,1,0,2,0,0,2,5,0,1,0,0,1,0,0,0,0,0,0,0,0,0,0,0,0,1,0,1,2,1,0,0,0,1,0,2,1,1,4,0,0,1,1,2,0,0,1,1,8,0,2,0,1,3,0,0,1,0,1,0,0,1,0,1,0,1,1,0,2,8,0,0,1,0,1,1,0,0,0,1,0,1,0,0,1,0,0,0,0,0,3,0,1,0,0,1,1,1,0,0,2,1,0,0,1,0,0,0,0,4,0,0,0,0,0,0,0,0,0,0,0,2,0,0,2,1,0,0,0,1,3,0,2,0,0,2,2,0,0,3,0,0,0,0,0,0,0,0,0,5,0,0,1,0,1,0,2,0,0,2,0,0,0,0,0,0,0,0,0,3,0,0,0,0,0,1,0,1,0,2,0,0,0,0,0,0,0,0,0,2,0,0,0,0,0,1,0,0,1,2,0,0,0,0,0,0,0,0,0,0,2,0,0,2,0,2,0,1,0,0,1,0,1,0,0,1,0,0,0,0,4,0,0,0,1,1,0,0,0,0,1,0,0,0,1,0,0,0,0,0,2,0,0,0,0,0,0,0,0,0,0,1,0,1,0,0,0,0,1
2,0,0,2,0,2,1,1,0,0,2,0,0,1,2,3,0,0,0,0,0,7,1,1,1,0,3,2,1,0,0,3,1,0,0,0,1,1,0,0,0,1,8,0,1,0,0,1,0,0,0,0,0,1,0,0,0,1,1,2,0,0,3,5,0,0,0,0,0,0,1,0,0,1,0,0,0,0,0,1,0,0,0,1,2,1,2,1,0,4,1,0,1,0,2,1,0,0,1,2,0,1,1,2,10,2,0,0,1,3,1,1,1,0,3,0,0,1,0,1,0,0,0,0,0,7,0,1,0,0,1,0,0,0,0,0,0,1,0,0,1,0,0,0,0,0,2,0,1,0,0,1,1,0,0,0,1,0,0,0,0,0,0,0,0,2,0,0,0,0,0,0,2,0,1,3,0,0,0,0,0,0,0,0,0,0,3,1,0,0,0,1,0,0,0,0,0,0,0,0,0,0,0,0,0,1,0,1,0,0,1,1,0,0,0,1,0,0,0,0,0,0,0,0,0,2,0,0,0,0,1,1,0,0,1,2,0,0,0,0,0,0,0,0,0,3,1,0,0,0,1,1,0,0,0,1,0,0,0,0,0,0,0,0,0,0,3,0,1,1,0,2,0,1,0,0,1,0,0,0,0,0,0,1,0,1,4,0,0,0,0,0,0,0,0,0,0,0,0,0,0,0,0,0,0,0,0,1,0,0,0,1,0,0,0,0,0,0,0,0,0,0,0,0,1
2,0,1,2,0,3,1,0,0,0,1,0,1,0,1,2,0,0,0,1,1,7,2,0,0,1,3,0,0,0,0,0,1,0,0,0,1,0,1,0,0,1,5,0,1,0,0,1,0,0,1,0,2,0,0,0,0,0,0,2,0,0,2,5,0,0,0,0,0,0,0,0,0,0,0,0,0,0,0,0,1,1,0,2,2,2,0,0,1,3,0,0,1,1,2,1,0,0,1,2,0,0,1,1,8,1,1,0,0,2,0,0,1,0,1,0,0,1,0,1,0,0,0,0,0,4,0,0,1,0,1,1,1,0,1,3,0,1,0,0,1,0,0,0,0,0,5,0,1,0,0,1,1,1,0,0,2,0,0,0,0,0,0,0,0,3,1,0,0,0,1,1,0,0,0,1,0,1,0,0,1,0,0,0,0,0,3,0,1,0,0,1,2,0,0,2,0,1,0,0,1,1,1,0,2,7,0,0,0,0,0,0,1,0,0,1,0,0,0,0,0,0,0,0,0,1,0,0,0,0,0,1,0,1,0,2,0,0,0,0,0,0,0,0,0,2,0,0,0,0,0,1,0,0,0,1,0,0,0,0,0,0,0,0,0,0,1,0,0,2,0,2,0,1,0,0,1,0,2,0,0,2,0,0,0,0,5,1,0,0,0,1,0,0,0,0,0,0,0,0,0,0,0,0,0,0,1,0,0,0,0,0,0,1,1,1,0,0,0,1,0,0,0,0,2
2,0,0,2,0,2,0,0,1,0,1,1,0,0,1,2,0,0,0,0,0,5,1,0,0,0,1,0,0,0,0,0,1,1,0,1,3,1,1,0,0,2,7,0,1,0,0,1,0,0,1,0,1,0,1,0,0,1,0,2,0,0,2,5,0,0,0,0,0,0,0,0,0,0,0,0,0,0,0,1,0,0,0,1,1,1,0,0,0,1,0,0,1,1,2,0,0,1,1,2,0,0,1,1,6,0,1,0,1,2,0,0,1,0,1,0,0,1,0,1,0,0,0,0,0,4,0,1,1,0,2,1,0,0,1,2,0,1,0,0,1,1,0,0,0,1,6,1,1,0,0,2,1,1,0,0,2,0,0,0,0,0,0,0,0,4,0,0,0,0,0,0,0,1,0,2,0,1,0,0,1,0,0,0,0,0,3,0,1,0,0,1,2,0,0,2,1,0,0,0,1,1,0,0,1,5,0,0,0,0,0,0,2,0,0,2,0,0,0,0,0,0,0,0,0,2,0,1,0,0,1,1,0,1,0,2,0,0,0,0,0,0,0,0,0,3,1,1,0,0,2,1,0,0,1,2,0,0,0,0,0,0,0,0,0,0,4,0,0,2,0,2,0,1,0,0,1,0,1,0,0,1,0,1,0,1,5,0,0,0,0,0,0,0,0,0,0,0,0,0,0,0,0,0,0,0,0,1,0,0,0,1,0,0,0,0,0,0,0,0,0,0,0,0,1
3,0,0,0,0,0,0,0,0,0,0,0,0,0,0,0,0,0,0,1,1,1,0,0,0,0,0,0,0,0,0,0,0,0,0,0,0,0,0,0,0,0,1,0,0,0,0,0,0,0,0,0,0,1,1,0,1,3,0,2,0,1,3,6,0,0,0,0,0,0,0,0,0,0,0,0,0,0,0,0,0,0,1,1,1,0,0,0,0,0,0,0,0,0,0,0,0,2,1,3,0,0,0,0,3,0,0,2,0,2,0,0,0,0,0,0,0,0,0,0,0,0,0,0,0,2,0,0,1,0,1,0,0,0,0,0,0,1,1,1,3,0,0,0,0,0,4,0,0,0,0,0,0,0,3,3,6,0,0,0,0,0,0,0,0,6,0,0,0,1,1,0,0,0,0,0,0,0,0,2,2,0,0,0,0,0,3,0,0,0,0,0,1,0,0,1,0,0,0,0,0,0,2,0,2,3,1,0,1,0,2,0,1,0,2,3,1,1,0,0,2,1,0,1,2,9,0,0,0,0,0,1,1,0,1,3,0,0,0,0,1,1,0,0,2,5,0,0,0,0,0,0,0,0,0,1,0,0,1,0,1,0,0,0,0,0,2,0,0,1,0,1,1,0,0,0,1,1,0,3,0,4,0,4,0,4,10,0,0,0,0,0,0,0,0,0,0,0,0,0,0,0,0,0,0,0,0,0,1,1,0,2,0,1,1,0,0,0,0,0,1,0,0,1,4
3,0,0,0,0,0,0,0,0,2,2,0,0,0,0,0,0,0,0,0,0,2,0,0,0,0,0,0,0,0,0,0,0,0,0,0,0,0,1,0,1,2,2,0,0,0,1,1,0,0,0,0,0,0,0,1,0,1,0,2,0,1,3,5,0,0,0,0,0,0,0,0,0,0,0,0,0,0,0,0,0,1,0,1,2,0,0,0,0,0,0,0,0,0,0,1,0,1,1,3,0,0,0,0,3,0,0,1,0,1,0,0,0,1,1,0,0,0,0,0,0,1,0,0,1,3,0,0,1,0,1,0,0,0,0,0,0,1,1,1,3,0,0,0,0,0,4,0,0,0,0,0,0,1,3,1,5,0,0,0,0,1,0,0,1,6,0,2,0,0,2,0,0,0,0,0,0,0,0,2,2,0,0,0,1,1,5,0,0,0,0,0,1,0,0,1,0,0,0,0,0,0,1,0,1,2,1,0,1,0,2,0,1,0,1,2,2,1,0,0,3,1,0,0,1,8,0,0,0,0,0,2,0,0,1,3,0,0,0,0,0,1,0,0,1,4,0,0,0,0,0,0,0,0,0,0,0,0,0,0,0,0,0,0,0,1,1,0,0,2,0,2,0,1,0,0,1,1,0,3,0,4,0,2,0,2,9,1,0,0,0,1,0,0,0,0,0,0,0,0,0,0,0,0,0,0,1,0,0,0,1,1,0,1,1,1,0,0,0,1,0,0,0,0,3
3,0,0,0,1,1,0,0,0,0,0,0,0,0,1,1,0,0,0,1,1,3,0,0,0,0,0,0,0,0,0,0,0,0,0,0,0,0,1,0,0,1,1,0,0,0,1,1,0,0,0,0,0,1,2,0,0,3,0,1,0,1,2,6,0,0,0,0,0,0,0,0,0,0,0,0,0,0,0,1,0,0,1,2,3,0,0,0,0,0,0,0,0,1,1,1,0,2,0,3,0,0,0,0,4,0,0,0,0,0,0,0,0,0,0,0,0,0,0,0,0,0,0,0,0,0,0,0,0,0,0,0,0,0,0,0,0,0,0,1,1,0,0,0,0,0,1,0,0,0,0,0,2,0,0,2,4,0,0,0,0,1,1,0,2,6,1,0,0,0,1,0,0,0,0,0,0,0,0,1,1,0,0,0,1,1,3,0,0,1,0,1,0,0,0,0,0,0,0,0,0,0,1,1,2,3,1,0,1,0,2,1,0,0,2,3,1,1,0,0,2,1,0,0,1,8,0,0,0,0,0,1,0,0,1,2,0,0,0,0,0,0,0,1,1,3,0,0,1,0,1,0,0,0,0,0,0,0,1,0,1,0,0,0,0,1,3,0,1,2,0,3,0,0,0,0,0,0,0,1,0,1,0,2,1,3,7,0,0,0,0,0,0,0,0,0,0,0,1,0,1,0,0,0,0,0,1,1,0,1,1,3,0,1,1,0,0,1,0,1,1,1,0,2,7
3,1,0,1,0,2,0,0,0,0,0,1,0,0,0,1,0,0,0,1,1,4,0,0,0,0,0,0,0,0,0,0,0,0,0,0,0,0,0,1,0,1,1,1,1,0,1,3,1,0,0,0,1,1,1,0,0,2,1,2,0,1,4,10,0,0,0,0,0,0,0,0,0,0,0,0,0,0,0,1,0,0,1,2,3,0,0,0,0,0,0,0,0,0,0,1,1,1,2,5,0,0,0,0,5,0,0,1,0,1,0,0,0,0,0,0,0,0,0,0,0,0,0,0,0,1,0,0,0,0,0,0,0,0,0,0,0,0,0,0,0,0,0,0,0,0,0,0,0,0,0,0,1,1,0,3,5,1,0,0,1,0,0,0,0,6,0,0,0,1,1,0,0,0,1,1,0,0,0,2,2,0,0,0,1,1,5,0,0,1,0,1,0,0,0,0,0,0,0,0,0,0,1,0,1,2,0,0,1,0,1,0,0,0,1,1,0,0,0,0,0,0,0,0,0,2,1,0,0,0,1,1,0,0,1,2,0,0,0,0,0,1,0,0,1,4,1,0,0,0,1,0,0,0,0,0,1,0,0,0,1,0,0,0,0,1,3,0,0,3,0,3,1,0,0,0,1,0,0,0,0,0,0,4,0,4,8,0,0,1,0,1,0,0,0,0,0,0,0,0,0,0,0,0,0,0,1,0,0,1,1,2,1,0,1,0,0,0,0,0,1,0,0,1,4
3,0,0,0,0,0,0,0,0,0,0,1,0,0,0,1,0,0,0,1,1,2,1,0,0,0,1,0,0,0,0,0,0,0,0,0,0,0,0,0,0,0,1,1,1,1,1,4,0,0,1,0,1,0,0,0,0,0,0,1,0,1,2,7,0,0,0,0,0,0,0,0,0,0,0,0,0,0,0,1,0,0,1,2,3,0,0,1,0,1,0,0,0,0,0,2,1,0,0,3,0,0,0,0,4,0,0,0,0,0,0,0,0,0,0,0,0,0,0,0,0,0,1,0,1,1,0,0,0,0,0,1,0,0,0,1,0,0,0,1,1,0,0,0,0,0,2,0,0,0,0,0,0,1,1,2,4,0,0,1,1,0,0,0,0,5,0,0,0,1,1,1,0,0,0,1,0,0,0,2,2,0,0,0,1,1,5,0,0,1,0,1,0,0,0,0,0,1,0,0,1,0,1,0,1,3,0,0,1,0,1,0,0,0,1,1,1,1,0,0,2,1,0,0,1,5,0,0,0,0,0,2,0,0,1,3,0,0,0,0,0,0,0,1,1,4,0,0,0,0,0,0,0,0,0,0,1,0,0,0,1,0,0,0,0,1,2,0,0,2,0,2,0,0,0,1,1,0,0,1,0,1,0,3,0,3,7,0,0,0,0,0,0,0,0,0,0,0,1,0,1,0,1,0,0,1,2,0,0,1,1,2,0,0,0,0,0,1,0,1,1,1,0,2,5
3,0,0,0,1,1,0,0,0,0,0,0,0,0,0,0,0,0,0,1,1,2,0,0,0,0,0,0,0,0,0,0,0,0,0,0,0,0,0,1,0,1,1,0,1,0,1,2,0,0,0,0,0,1,1,1,0,3,1,2,0,1,4,9,0,0,0,0,0,0,0,0,0,0,0,0,0,0,0,1,0,0,1,2,3,0,0,0,0,0,0,0,0,0,0,1,0,1,2,4,0,0,0,0,4,0,0,1,0,1,0,0,0,0,0,0,1,0,0,1,0,0,0,0,0,2,0,0,0,0,0,0,1,0,0,1,0,0,0,0,0,0,0,0,0,0,1,0,0,0,0,0,1,1,0,3,5,1,0,0,1,0,0,0,0,6,1,0,0,0,1,0,0,0,1,1,0,0,0,2,2,0,0,0,1,1,5,0,0,0,0,0,1,0,0,1,0,0,0,0,0,0,1,0,1,2,1,0,1,0,2,0,0,0,1,1,1,0,0,0,1,0,0,0,0,4,0,0,1,0,1,1,0,0,1,2,0,0,0,0,0,1,0,0,1,4,0,0,0,0,0,0,0,0,0,0,1,0,1,0,2,0,0,0,0,1,3,0,0,3,0,3,0,0,1,0,1,0,0,0,0,0,0,4,0,4,8,0,0,1,0,1,0,0,0,0,0,0,0,0,0,0,0,0,0,0,1,0,0,1,1,2,1,0,1,0,0,0,0,0,1,0,0,1,4
3,0,0,1,0,1,0,0,0,0,0,1,0,0,1,2,0,0,0,1,1,4,0,0,0,0,0,0,0,0,0,0,0,0,0,0,0,0,1,0,0,1,1,1,1,0,1,3,0,1,0,0,1,1,0,0,0,1,0,3,0,1,4,9,0,0,0,0,0,0,0,0,0,0,0,0,0,0,0,1,0,0,1,2,3,1,0,1,0,2,0,0,0,0,0,1,1,1,2,5,0,0,0,0,7,0,0,1,0,1,0,0,0,0,0,0,0,0,0,0,0,0,0,0,0,1,0,0,0,0,0,0,0,0,0,0,0,0,0,0,0,0,0,0,0,0,0,0,0,0,0,0,3,0,0,3,6,0,0,0,0,0,0,0,0,6,0,0,0,1,1,0,0,0,1,1,0,0,0,1,1,0,0,0,1,1,4,0,0,0,0,0,1,0,0,1,0,0,0,0,0,0,1,0,1,2,0,0,1,0,1,0,0,0,1,1,0,1,0,0,1,0,0,0,0,3,0,0,0,0,0,2,0,0,1,3,0,0,0,0,0,1,0,0,1,4,0,0,0,0,0,0,0,0,0,0,1,0,0,0,1,0,0,0,0,1,2,2,0,4,0,6,0,0,0,0,0,0,0,0,0,0,0,4,0,4,10,0,0,0,0,0,0,0,0,0,0,0,0,0,0,0,0,0,0,0,0,0,0,1,1,2,1,0,1,0,0,0,0,0,1,0,0,1,4
3,0,0,0,0,0,0,0,0,0,0,0,0,0,0,0,0,0,0,1,1,1,0,0,0,0,0,0,0,0,1,1,0,0,0,0,0,0,0,0,0,0,1,0,1,0,1,2,0,1,1,0,2,1,0,0,0,1,0,1,0,1,2,7,0,0,0,0,0,0,0,0,0,0,0,0,0,0,0,1,0,0,1,2,3,0,0,0,0,0,0,0,0,0,0,1,2,0,0,3,0,0,0,0,3,0,0,1,0,1,0,0,0,0,0,0,0,0,0,0,0,0,1,0,1,2,0,0,0,0,0,0,0,0,0,0,1,0,1,1,3,0,0,0,0,0,3,0,0,0,0,0,1,0,1,3,5,1,0,0,1,0,0,0,0,6,0,0,0,1,1,0,1,0,0,1,0,0,1,2,3,0,0,0,1,1,6,0,0,0,0,0,1,0,0,1,0,0,1,0,1,0,1,0,1,3,1,0,2,0,3,0,0,0,1,1,1,1,0,0,2,1,0,0,1,7,0,0,0,0,0,1,0,0,1,2,0,0,0,0,0,1,0,0,1,3,0,0,0,0,0,0,0,0,0,0,1,0,0,0,1,0,0,0,0,1,2,0,0,2,0,2,0,0,0,0,0,0,0,2,0,2,0,4,0,4,8,0,0,1,0,1,0,0,0,0,0,0,0,0,0,0,0,0,0,0,1,0,0,1,1,2,0,1,1,0,0,0,0,0,1,0,0,1,4
3,0,0,0,0,0,0,0,0,0,0,0,0,1,0,1,0,2,0,1,3,4,0,0,0,0,0,0,0,0,0,0,0,0,0,0,0,0,0,0,1,1,1,0,1,0,1,2,0,0,0,0,0,2,1,0,0,3,0,0,0,1,1,6,0,0,0,0,0,1,0,0,1,2,0,0,0,0,0,1,0,0,1,2,5,0,0,1,1,2,0,0,0,0,0,1,0,1,0,2,0,0,0,0,4,0,0,1,0,1,0,0,0,0,0,0,1,0,0,1,0,0,0,0,0,2,0,0,0,0,0,0,1,0,0,1,0,0,0,1,1,0,0,0,0,0,2,0,0,0,0,0,0,1,1,3,5,0,0,0,0,0,0,1,1,6,0,0,0,2,2,0,0,0,1,1,0,0,0,1,1,0,0,0,1,1,5,0,0,0,0,0,1,0,0,1,0,0,0,0,0,0,1,0,1,2,2,0,0,0,2,0,0,0,1,1,0,0,0,0,0,1,0,0,1,4,0,0,0,0,0,1,0,0,0,1,0,0,0,0,0,1,0,0,1,2,0,0,0,0,0,0,0,0,0,0,1,0,0,0,1,0,0,0,0,1,2,2,0,1,0,3,0,0,1,0,1,0,0,1,0,1,0,4,0,4,9,0,0,1,0,1,0,0,0,0,0,0,0,0,0,0,0,0,0,0,1,0,0,1,1,2,1,0,1,1,0,0,0,1,1,0,0,1,5
3,0,0,0,0,0,0,0,0,0,0,0,0,0,0,0,0,0,0,1,1,1,0,1,0,1,2,0,0,0,0,0,0,0,0,0,0,0,1,0,1,2,4,0,0,0,0,0,0,1,0,0,1,0,0,1,0,1,0,2,0,0,2,4,0,0,0,0,0,0,0,0,0,0,0,0,0,0,0,1,0,0,1,2,3,0,0,0,0,0,1,0,0,1,2,0,1,1,1,3,0,0,1,1,6,0,1,0,0,1,0,0,0,0,0,0,0,0,0,0,0,0,0,0,0,1,0,1,0,0,1,0,0,0,1,1,0,0,1,1,2,0,0,0,0,0,4,0,0,0,0,0,1,0,2,3,6,0,0,0,0,0,1,0,1,7,0,0,0,1,1,0,0,0,1,1,0,0,0,1,1,0,0,0,0,0,3,0,0,0,0,0,1,0,0,1,0,1,0,0,1,0,1,0,1,3,1,0,1,0,2,0,0,0,0,0,2,0,0,0,2,1,0,0,1,5,0,0,0,0,0,2,0,0,1,3,0,0,0,0,0,0,0,0,0,3,0,0,0,0,0,1,0,0,0,1,0,0,0,0,0,0,0,0,0,1,2,0,0,3,0,3,0,0,0,0,0,1,0,2,0,3,0,4,0,4,10,0,0,0,0,0,0,0,0,0,0,0,0,0,0,0,0,0,0,0,0,0,1,0,1,2,0,1,1,0,0,0,0,0,1,0,0,1,4
3,1,0,1,0,2,0,0,0,0,0,1,0,0,0,1,0,0,0,1,1,4,0,0,1,0,1,0,0,0,0,0,0,0,0,0,0,0,0,0,0,0,1,1,1,1,0,3,0,0,0,0,0,1,1,0,0,2,1,1,0,1,3,8,0,0,0,0,0,0,0,0,0,0,0,0,0,0,0,1,0,0,1,2,3,0,0,0,0,0,0,0,0,0,0,1,0,1,1,3,0,0,0,0,3,0,0,0,0,0,0,0,0,0,0,0,1,1,0,2,0,0,0,0,0,2,0,0,0,0,0,0,1,0,0,1,1,0,0,1,2,0,0,0,0,0,3,0,0,0,0,0,0,1,1,3,5,0,0,0,0,0,0,0,0,5,0,0,0,1,1,1,0,0,0,1,0,0,0,2,2,0,0,0,1,1,5,0,0,0,0,0,0,0,1,1,0,0,0,0,0,0,1,0,1,2,0,0,1,1,2,0,0,0,1,1,0,0,0,0,0,1,0,0,1,4,1,0,0,0,1,1,0,0,1,2,0,0,0,0,0,1,0,0,1,4,1,0,0,0,1,0,0,0,0,0,1,0,0,0,1,0,0,0,0,1,3,0,0,2,0,2,0,0,1,0,1,0,0,1,0,1,0,4,0,4,8,0,0,0,0,0,0,0,0,0,0,0,0,0,0,0,0,0,0,0,0,0,0,1,1,2,1,0,1,0,0,0,0,0,1,0,0,1,4
3,0,0,0,0,0,0,0,0,0,0,0,0,1,0,1,0,0,0,1,1,2,0,0,1,0,1,0,0,0,0,0,0,0,0,0,0,0,0,0,0,0,2,0,1,1,1,3,2,0,0,0,2,0,0,1,0,1,0,1,0,1,2,8,0,0,0,0,0,0,0,0,0,0,0,0,0,0,0,1,0,0,1,2,2,0,0,1,0,1,0,0,0,0,0,2,2,0,0,4,0,0,0,0,5,0,0,1,0,1,0,0,0,0,0,0,0,0,0,0,0,0,0,0,0,1,0,0,0,0,0,0,0,0,0,0,0,0,1,1,2,0,0,0,0,0,2,0,0,0,0,0,0,1,1,3,5,0,0,0,0,0,0,0,0,5,0,0,0,1,1,1,0,0,0,1,0,0,0,2,2,0,0,0,1,1,5,1,0,1,0,2,0,0,0,0,0,0,0,0,0,0,1,0,1,3,1,0,1,0,2,0,0,0,1,1,2,1,0,0,3,1,0,0,1,7,0,0,0,0,0,1,0,0,1,2,0,0,0,0,0,1,0,0,1,3,0,0,0,0,0,0,0,0,0,1,1,0,0,0,1,0,0,0,0,0,2,0,0,1,0,1,1,0,0,0,1,0,0,2,0,2,0,4,0,4,8,0,0,0,0,0,0,0,0,0,0,0,0,0,0,0,0,0,0,0,0,0,1,1,0,2,0,1,1,0,0,0,0,0,1,0,0,1,4
3,0,0,0,0,0,0,0,0,0,0,0,0,0,0,0,0,0,0,1,1,1,0,0,0,0,0,0,1,0,0,1,0,0,0,0,0,0,0,0,0,0,1,0,1,1,1,3,0,0,0,0,0,0,0,1,0,1,0,1,0,1,2,6,0,0,0,0,0,1,0,0,0,1,0,0,0,0,0,1,0,0,1,2,4,0,0,0,0,0,0,0,0,0,0,0,0,1,0,1,0,0,0,0,1,0,0,0,0,0,0,0,1,0,1,1,1,0,0,2,0,0,0,0,0,3,0,0,2,0,2,0,0,0,1,1,0,0,0,1,1,0,0,0,0,0,4,0,0,1,0,1,0,1,1,3,5,0,0,0,0,0,0,0,0,6,0,0,0,1,1,0,1,0,0,1,1,0,0,2,3,0,1,0,1,2,7,0,0,0,0,0,0,0,0,0,0,0,0,0,0,1,1,0,2,2,1,0,0,0,1,0,0,0,1,1,1,1,0,0,2,0,0,1,1,5,0,0,0,0,0,0,0,0,1,1,0,0,0,0,0,1,1,0,2,3,0,0,0,0,0,0,0,0,0,0,2,0,0,0,2,0,0,0,0,1,3,0,0,1,0,1,0,0,1,0,1,1,0,1,0,2,0,4,0,4,8,0,0,0,1,1,0,0,0,0,0,0,0,0,0,0,0,0,0,0,1,0,0,1,1,2,0,1,1,1,0,0,0,1,1,0,0,1,5
3,0,0,0,0,0,0,0,0,0,0,0,0,0,0,0,0,0,0,1,1,1,0,0,0,0,0,0,0,0,0,0,0,0,0,0,0,0,1,0,1,2,2,0,1,0,1,2,0,0,1,0,1,0,1,1,0,2,0,0,0,1,1,6,0,0,0,0,0,0,0,0,0,0,0,0,0,0,0,1,0,0,1,2,3,0,0,0,0,0,0,0,0,1,1,1,0,1,0,2,0,0,0,0,3,0,0,0,0,0,0,0,0,0,0,0,0,0,0,0,0,0,0,0,0,0,0,0,1,0,1,0,0,0,0,0,0,0,0,1,1,0,1,0,0,1,3,0,0,0,0,0,1,0,2,3,6,0,0,0,0,1,0,0,1,7,0,0,0,1,1,0,0,0,1,1,0,1,0,1,2,0,0,0,1,1,5,0,0,1,0,1,0,0,0,0,0,0,0,1,1,0,1,0,1,3,1,0,0,0,1,1,0,0,1,2,1,1,0,0,2,1,0,0,1,6,0,0,0,0,0,1,0,0,1,2,0,0,0,0,0,0,0,1,1,3,0,0,0,0,0,0,0,0,0,0,1,0,1,0,2,0,0,0,0,1,3,0,1,1,0,2,0,0,0,0,0,1,0,1,0,2,0,4,0,4,8,0,0,1,0,1,0,0,0,0,0,0,0,0,0,0,0,0,0,0,1,0,0,2,1,3,0,0,0,1,0,0,0,1,1,1,0,2,6
3,0,0,0,0,0,0,0,0,0,0,0,0,0,0,0,0,0,0,1,1,1,0,0,0,0,0,0,0,0,0,0,0,0,0,0,0,2,1,0,0,3,3,0,2,1,0,3,0,0,0,0,0,0,1,0,0,1,0,1,0,1,2,6,0,0,0,0,0,0,0,0,0,0,0,0,0,0,0,0,0,0,1,1,2,0,0,0,0,0,0,0,0,1,1,1,0,1,0,2,0,0,0,0,3,0,0,0,0,0,0,0,0,0,0,0,0,0,0,0,0,0,0,0,0,0,0,0,0,0,0,0,0,0,0,0,0,0,2,1,3,0,0,0,0,0,3,0,0,2,0,2,1,0,2,3,6,0,0,0,0,0,0,0,0,8,0,0,0,1,1,0,0,0,2,2,0,0,0,2,2,0,0,0,0,0,5,0,0,1,0,1,0,0,0,0,0,0,0,0,0,0,1,0,1,2,1,0,1,0,2,1,0,0,1,2,2,1,1,0,4,1,0,0,1,9,0,0,0,0,0,1,0,0,1,2,0,0,0,0,0,1,0,0,1,3,0,0,0,0,0,0,0,0,0,0,2,0,0,0,2,0,0,0,0,1,3,0,1,1,0,2,0,0,0,0,0,0,0,3,0,3,0,4,0,4,9,0,0,0,0,0,0,0,0,0,0,0,0,0,0,0,0,0,0,0,0,0,0,0,1,1,0,1,1,0,0,0,0,0,1,0,0,1,3
3,0,0,0,0,0,0,0,0,1,1,0,0,0,0,0,0,0,0,1,1,2,0,0,0,0,0,0,0,0,0,0,0,0,0,0,0,0,1,0,0,1,1,0,0,0,1,1,0,0,0,0,0,0,0,1,0,1,0,2,0,1,3,5,1,0,0,1,2,1,0,0,0,1,0,0,0,0,0,0,0,0,1,1,5,0,0,0,0,0,0,0,0,0,0,1,0,1,1,3,0,0,0,0,3,0,0,1,0,1,0,0,0,0,0,0,0,0,0,0,0,0,0,0,0,1,0,0,1,1,2,0,0,0,0,0,0,1,1,0,2,0,0,0,0,0,4,0,0,0,0,0,0,0,3,3,6,0,0,0,0,0,0,0,0,6,0,0,0,1,1,0,0,0,0,0,0,0,0,2,2,1,1,0,0,2,5,0,0,0,0,0,1,0,0,1,0,0,0,0,0,0,1,0,1,2,1,0,1,0,2,0,1,0,1,2,2,1,0,0,3,0,0,0,0,7,0,0,0,0,0,1,0,0,1,2,0,0,0,0,0,1,0,0,1,3,0,1,0,0,1,0,0,0,0,0,0,0,0,0,0,1,0,0,0,2,3,0,0,2,0,2,0,0,0,0,0,2,0,2,0,4,0,4,0,4,10,0,0,0,0,0,0,0,0,0,0,0,0,0,0,0,0,0,0,0,0,0,0,0,1,1,0,1,1,0,0,0,0,0,1,0,0,1,3
3,0,0,0,0,0,0,0,0,0,0,0,0,0,0,0,0,1,0,1,2,2,0,0,0,0,0,0,0,0,0,0,0,0,0,0,0,1,0,0,0,1,1,0,1,1,1,3,0,0,0,0,0,0,0,2,0,2,0,1,0,0,1,6,0,0,0,0,0,1,0,0,0,1,0,0,0,0,0,1,0,0,1,2,4,0,0,0,1,1,0,0,0,0,0,1,0,1,0,2,0,0,0,0,3,0,0,1,0,1,0,0,0,0,0,0,1,0,0,1,0,0,0,0,0,2,0,0,1,0,1,0,1,0,0,1,0,1,0,1,2,0,0,0,0,0,4,0,0,1,0,1,0,1,1,3,5,0,0,0,0,0,0,0,0,6,0,0,0,1,1,0,0,0,1,1,1,0,0,1,2,0,0,0,1,1,5,0,0,0,0,0,1,0,0,1,0,0,0,0,0,0,1,0,1,2,1,0,0,0,1,0,0,0,1,1,1,0,0,1,2,1,0,1,2,6,0,0,0,0,0,1,0,0,1,2,0,0,0,0,0,1,0,0,1,3,0,0,0,0,0,0,0,0,0,0,1,0,1,0,2,0,0,0,0,1,3,1,0,1,0,2,0,0,1,0,1,1,0,1,0,2,0,4,0,4,9,0,0,0,0,0,0,0,0,0,0,0,0,0,0,0,0,0,0,0,0,0,0,1,1,2,0,1,1,0,0,0,0,0,1,0,0,1,4
3,0,0,0,0,0,0,0,0,0,0,0,0,0,0,0,0,0,0,1,1,1,0,1,0,0,1,0,0,0,0,0,1,0,0,0,1,0,0,0,0,0,2,0,1,0,1,2,0,0,0,0,0,0,1,1,0,2,0,1,0,1,2,6,0,0,0,0,0,0,0,0,0,0,0,0,0,0,0,1,0,0,1,2,3,0,0,0,0,0,0,0,1,0,1,1,0,2,0,3,0,0,0,0,4,0,0,1,0,1,0,0,0,0,0,0,0,0,0,0,0,0,0,0,0,1,0,0,1,0,1,0,0,0,0,0,0,0,1,1,2,0,1,0,0,1,4,0,0,0,0,0,1,0,1,3,5,0,0,0,0,0,0,0,0,5,0,0,0,1,1,1,0,0,0,1,0,0,0,2,2,0,0,0,1,1,5,0,0,1,0,1,0,0,0,0,0,0,0,0,0,0,1,0,1,2,1,0,1,0,2,1,0,0,1,2,2,1,0,0,3,1,0,0,1,8,0,0,0,0,0,0,1,1,1,3,0,0,0,0,0,1,0,0,1,4,0,0,0,0,0,0,0,0,0,0,1,0,0,0,1,0,0,0,0,1,2,0,0,1,0,1,1,0,0,0,1,0,0,2,1,3,0,4,0,4,9,0,0,0,0,0,0,0,0,0,0,0,0,0,0,0,0,0,0,0,0,0,0,1,1,2,0,1,1,0,0,0,0,0,1,0,0,1,4
3,0,0,0,0,0,0,0,0,0,0,0,0,1,0,1,0,0,0,1,1,2,0,0,0,0,0,0,1,0,0,1,0,0,0,0,0,0,0,0,0,0,1,0,1,0,0,1,0,0,1,0,1,1,0,0,0,1,0,1,0,1,2,5,0,0,0,0,0,0,0,1,0,1,0,0,0,0,0,2,0,0,1,3,5,0,0,0,0,0,0,0,0,0,0,0,0,0,0,0,0,0,1,1,1,0,0,0,0,0,0,0,1,1,2,1,0,0,0,1,1,0,0,0,1,4,1,0,1,0,2,0,0,0,0,0,1,0,1,0,2,0,0,0,0,0,4,0,0,0,1,1,1,1,0,2,4,0,0,0,0,0,0,0,0,5,0,0,1,1,2,0,1,0,0,1,0,0,0,2,2,0,0,0,1,1,6,0,0,0,0,0,0,0,0,0,1,0,0,0,1,0,1,0,1,2,1,0,1,1,3,0,0,0,1,1,1,1,0,0,2,0,0,0,0,6,0,0,0,0,0,0,0,0,1,1,0,0,0,0,0,1,0,0,1,2,0,0,0,0,0,0,0,0,0,0,1,1,0,0,2,0,1,0,0,2,4,0,0,0,1,1,0,1,0,0,1,0,0,2,0,2,0,3,0,3,7,0,0,0,0,0,0,0,0,0,0,0,0,0,0,0,0,0,0,0,0,0,0,2,1,3,0,1,1,0,0,0,0,0,1,0,0,1,5
3,0,0,0,0,0,0,0,0,0,0,0,0,0,0,0,0,0,0,1,1,1,0,0,0,0,0,0,0,0,0,0,0,0,0,0,0,0,1,0,0,1,1,1,1,1,1,4,0,0,0,0,0,0,1,0,0,1,0,1,0,1,2,7,0,0,0,0,0,0,0,0,0,0,0,0,0,0,0,1,0,0,1,2,3,0,0,0,0,0,0,0,0,0,0,2,0,0,0,2,0,0,0,0,2,0,0,0,0,0,0,0,0,0,0,0,0,0,1,1,0,0,0,0,0,1,0,0,1,0,1,0,0,0,0,0,0,1,1,0,2,0,1,0,0,1,4,0,0,1,0,1,0,1,2,3,6,0,0,0,0,0,0,0,0,7,0,0,0,1,1,0,0,0,1,1,1,0,0,2,3,0,0,0,1,1,6,0,0,1,0,1,0,0,0,0,0,0,0,0,0,1,1,0,2,3,0,0,1,0,1,1,0,0,2,3,1,1,0,0,2,0,0,0,0,6,0,0,0,0,0,1,0,0,1,2,0,0,0,0,0,1,0,0,1,3,0,0,0,0,0,0,0,0,0,0,1,0,1,0,2,0,0,0,0,1,3,0,0,1,0,1,0,0,1,0,1,1,0,2,0,3,0,4,0,4,9,0,0,0,0,0,0,0,0,0,0,0,0,0,0,0,0,0,0,0,0,0,0,1,1,2,0,1,1,0,0,0,0,0,1,0,0,1,4
3,0,0,1,0,1,0,0,0,0,0,0,0,0,1,1,0,0,0,1,1,3,0,0,0,0,0,0,0,0,0,0,0,0,0,0,0,0,1,0,0,1,1,0,1,0,1,2,0,0,0,1,1,0,0,1,0,1,0,3,0,1,4,8,0,0,0,0,0,0,0,0,0,0,0,0,0,0,0,1,0,0,1,2,3,0,0,0,0,0,0,0,0,0,0,0,1,1,2,4,0,0,0,0,4,0,0,0,0,0,0,0,0,0,0,0,0,0,0,0,0,0,0,0,0,0,1,0,1,0,2,0,0,0,0,0,0,0,0,0,0,0,0,0,0,0,2,0,0,1,0,1,2,0,1,3,6,0,0,0,0,0,0,0,0,7,1,0,0,1,2,0,0,0,1,1,0,0,0,1,1,0,0,0,1,1,5,0,0,0,0,0,0,0,0,0,0,0,0,0,0,1,1,0,2,2,1,0,0,0,1,0,0,0,1,1,1,1,0,0,2,0,0,0,0,4,0,0,0,0,0,2,0,0,1,3,0,0,0,0,0,1,0,0,1,4,0,0,0,0,0,0,0,0,0,0,2,0,0,0,2,0,0,0,0,1,3,0,0,4,0,4,0,0,0,0,0,2,0,0,0,2,0,4,0,4,10,0,0,0,0,0,0,0,0,0,0,0,0,0,0,0,0,0,0,0,0,0,0,1,1,2,0,1,1,0,0,0,0,0,1,0,0,1,4
3,0,0,0,0,0,0,0,0,0,0,0,0,0,0,0,0,0,0,1,1,1,0,0,0,0,0,0,0,0,0,0,0,0,0,0,0,0,1,0,0,1,1,1,1,0,1,3,0,1,0,0,1,0,0,0,0,0,0,2,0,1,3,7,0,0,0,0,0,0,0,0,0,0,0,0,0,0,0,1,0,0,1,2,3,0,0,0,0,0,0,0,0,0,0,1,1,0,1,3,0,0,0,0,3,0,0,1,0,1,0,0,0,0,0,0,0,0,0,0,0,0,0,0,0,1,0,0,2,0,2,0,0,0,0,0,0,0,1,1,2,0,0,0,0,0,4,0,0,0,0,0,1,0,2,3,6,0,0,0,0,0,0,0,0,6,0,0,0,1,1,0,0,0,1,1,1,0,0,2,3,0,0,0,1,1,6,0,0,0,0,0,1,0,0,1,0,0,0,0,0,0,1,0,1,2,0,0,1,0,1,0,0,0,1,1,1,1,0,0,2,1,0,0,1,5,0,0,0,0,0,1,0,1,1,3,0,0,0,0,0,1,0,0,1,4,0,0,0,0,0,0,0,0,0,0,1,0,0,0,1,0,0,0,0,1,2,0,0,2,0,2,0,0,0,0,0,2,0,2,0,4,0,4,0,4,10,0,0,0,0,0,0,0,0,0,0,0,0,0,0,0,0,0,0,0,0,0,0,1,1,2,0,1,1,0,0,0,0,0,1,0,0,1,4
3,0,0,0,0,0,0,0,0,0,0,0,0,1,0,1,0,0,0,1,1,2,0,0,0,0,0,1,0,0,0,1,0,0,0,0,0,0,0,0,0,0,1,0,1,1,1,3,0,0,0,0,0,1,0,0,0,1,1,1,0,1,3,7,0,0,0,0,0,0,0,0,0,0,0,0,0,0,0,1,0,0,1,2,3,0,0,0,0,0,0,0,0,0,0,2,0,0,1,3,0,0,0,0,3,0,0,2,0,2,0,0,0,0,0,0,1,0,0,1,0,0,0,0,0,3,0,0,0,0,0,0,1,0,0,1,0,0,1,1,2,0,0,0,0,0,3,0,0,0,0,0,0,1,1,3,5,0,0,0,0,0,0,0,0,5,0,0,0,1,1,0,1,0,0,1,0,0,0,2,2,0,0,0,1,1,5,0,0,0,0,0,1,0,0,1,0,0,0,0,0,0,1,0,1,2,1,0,1,0,2,0,0,0,1,1,1,1,0,0,2,1,0,0,1,6,1,0,0,0,1,1,0,0,1,2,0,0,0,0,0,1,0,0,1,4,0,0,1,0,1,0,0,0,0,0,1,0,0,0,1,0,0,0,0,1,3,0,0,1,0,1,0,0,1,0,1,0,0,2,0,2,0,4,0,4,8,0,0,0,0,0,0,0,0,0,0,0,0,0,0,0,0,0,0,0,0,0,0,1,1,2,0,1,1,0,0,0,0,0,1,0,0,1,4
4,0,1,0,0,1,1,0,0,1,2,0,1,0,1,2,0,2,0,0,2,7,2,0,1,0,3,0,0,0,0,0,1,0,0,0,2,1,0,0,0,1,6,1,0,0,0,1,0,0,1,0,1,1,0,0,0,1,0,0,1,0,1,4,0,0,0,0,0,2,0,1,1,4,1,0,0,0,1,0,0,0,0,0,5,0,1,0,2,3,0,0,0,0,0,0,0,1,0,1,0,1,0,1,5,0,0,0,0,0,0,0,0,0,0,0,0,0,0,0,0,0,0,0,0,0,1,2,0,1,4,0,0,0,0,0,0,0,0,1,1,0,1,0,1,2,8,0,0,1,1,2,0,0,1,0,1,0,0,0,0,0,1,0,1,4,1,0,2,0,3,2,0,2,0,4,0,0,0,0,0,0,0,1,0,1,8,0,0,0,0,0,0,0,0,0,0,0,0,1,1,1,0,0,1,2,1,0,0,0,1,0,0,0,0,0,0,0,0,0,0,1,0,0,1,2,0,0,0,0,0,0,0,1,1,2,1,0,0,1,0,0,1,0,1,4,0,0,0,0,0,0,0,0,0,0,1,0,0,0,1,0,1,0,0,1,2,1,0,0,1,2,0,0,0,0,0,3,0,1,0,4,0,1,1,2,8,0,2,0,0,2,0,0,1,1,0,0,0,0,0,0,0,0,0,0,3,0,0,0,0,0,0,1,1,0,1,0,0,1,0,0,0,0,2
4,0,1,0,0,1,1,0,0,1,2,1,1,0,1,3,0,1,0,0,1,7,1,0,1,0,2,0,0,0,0,1,1,0,0,0,1,1,0,0,0,1,5,1,0,0,1,2,0,0,1,0,1,1,0,0,0,1,0,0,1,0,1,5,0,0,0,0,0,2,0,1,1,4,1,0,0,0,1,0,0,0,0,0,5,0,1,0,1,2,0,0,0,0,0,0,0,1,0,1,0,1,0,1,4,0,0,0,0,0,0,0,0,0,0,0,0,0,0,0,0,0,0,0,0,1,1,2,0,1,4,0,0,0,1,1,0,0,0,0,0,0,1,0,1,2,7,0,0,1,1,2,0,0,2,0,2,0,0,0,0,0,1,0,1,5,1,0,3,0,4,1,1,1,0,3,0,0,0,0,0,0,1,1,0,2,9,0,0,0,0,0,0,0,0,0,0,0,0,1,1,1,1,0,2,3,1,0,0,0,1,0,0,0,0,0,0,0,0,0,0,0,0,0,0,1,0,0,0,0,0,0,0,0,1,1,1,0,0,1,0,0,1,0,1,3,0,0,0,0,0,0,0,0,0,0,1,0,0,0,1,0,1,0,0,1,2,1,0,0,1,2,0,0,0,0,0,3,1,0,0,4,0,1,1,2,8,1,1,0,0,2,0,0,1,1,0,0,0,0,0,0,0,0,0,0,3,0,0,0,0,0,0,1,1,0,1,0,0,1,0,0,0,0,2
4,0,0,0,0,0,1,0,0,1,2,0,1,0,0,1,0,2,0,0,2,5,2,0,1,1,4,0,0,0,1,1,1,0,0,0,1,0,0,1,0,1,7,1,0,0,0,1,0,0,1,0,1,1,0,0,0,1,0,0,0,0,0,3,0,0,0,0,0,1,1,1,0,3,1,0,0,0,1,1,0,0,0,2,6,0,1,0,2,3,0,1,0,0,1,0,0,1,0,1,0,0,1,1,6,1,0,0,0,1,0,0,0,0,0,0,0,0,0,0,0,0,0,1,1,2,0,2,0,2,4,0,0,0,0,0,0,0,0,1,1,0,1,0,1,2,7,0,0,1,0,1,0,0,1,0,1,1,0,0,1,0,1,0,1,4,0,1,1,0,2,3,0,1,0,4,0,0,0,0,0,0,0,1,1,2,8,0,0,0,0,0,0,0,0,0,0,0,0,1,1,1,0,0,1,2,1,0,0,0,1,0,0,0,0,0,0,0,0,0,0,1,0,0,1,2,0,0,0,0,0,0,0,1,1,2,0,0,0,0,0,0,1,0,1,3,0,0,0,0,0,0,0,0,0,0,1,0,0,0,1,0,1,0,0,1,2,0,1,0,0,1,1,0,0,0,1,3,0,1,0,4,0,1,0,1,7,0,2,0,0,2,0,0,1,1,0,0,0,0,0,0,0,0,0,0,3,0,0,0,1,1,0,1,1,0,1,0,0,1,0,0,0,0,4
4,0,1,0,0,1,1,1,0,1,3,0,1,0,1,2,1,1,0,0,2,8,2,0,1,0,3,0,0,0,1,1,1,0,0,0,1,1,0,0,0,1,6,1,0,0,0,1,0,0,1,0,1,1,0,0,0,1,0,0,1,0,1,4,1,0,0,0,1,1,0,1,0,3,1,0,0,0,1,0,0,0,0,0,5,0,1,0,2,3,0,0,0,0,0,0,0,1,0,1,0,0,0,0,4,0,0,0,0,0,0,0,0,0,0,0,0,0,0,0,0,0,0,1,1,1,1,1,0,2,4,0,0,0,0,0,0,0,0,1,1,0,1,0,1,2,7,0,0,1,1,2,0,0,1,0,1,0,0,0,0,0,1,0,1,4,1,0,2,0,3,2,0,1,0,3,0,0,0,0,0,0,1,1,0,2,8,0,0,0,0,0,0,0,0,0,0,0,0,1,1,1,0,0,1,2,1,0,0,0,1,0,0,0,0,0,0,0,0,0,0,1,0,0,1,2,0,0,0,0,0,0,0,1,1,2,1,0,0,1,0,0,1,0,1,4,0,1,0,0,1,0,0,0,0,0,1,0,0,0,1,0,1,0,0,1,3,1,0,0,0,1,0,0,0,0,0,3,0,1,0,4,0,1,0,1,7,0,2,0,0,2,0,0,1,1,0,0,0,0,0,0,0,0,0,0,3,0,0,0,0,0,0,1,1,0,1,0,0,1,0,0,0,0,2
4,1,0,0,1,2,1,0,0,0,1,0,1,0,1,2,0,2,0,1,3,8,3,0,1,0,4,0,0,0,1,1,1,0,0,0,1,0,0,0,0,0,6,1,0,0,0,1,0,0,1,0,1,1,0,0,0,1,0,0,1,0,1,4,0,0,0,0,0,1,0,1,0,3,1,0,0,0,1,1,0,0,0,1,5,0,1,0,2,3,0,1,0,0,1,0,0,1,0,1,0,0,0,0,5,0,0,0,0,0,0,0,0,0,0,0,0,1,0,1,0,1,0,0,1,2,1,1,0,2,4,0,0,0,0,0,0,0,0,1,1,0,1,0,1,2,7,0,0,1,0,1,0,1,1,0,2,0,0,0,0,0,0,0,0,3,1,0,2,0,3,2,0,1,0,3,0,0,0,0,0,0,1,1,0,2,8,0,0,0,0,0,0,0,0,0,0,0,0,1,1,1,0,0,1,2,1,0,0,0,1,0,0,0,0,0,0,0,0,0,0,1,0,0,1,2,0,0,0,0,0,0,0,1,1,2,1,0,0,1,0,0,1,0,1,4,0,0,0,0,0,1,0,0,0,1,1,0,0,0,1,0,0,0,0,0,2,0,1,0,0,1,0,0,1,0,1,3,0,0,0,3,0,1,0,1,7,0,2,0,0,2,0,0,1,1,0,0,0,0,0,0,0,0,0,0,3,0,1,0,0,1,0,0,0,0,1,0,0,1,0,0,0,0,2
4,0,1,0,2,3,1,0,0,0,1,0,1,0,0,1,0,2,1,0,3,8,0,0,1,0,1,0,1,0,0,1,1,0,0,0,1,0,1,0,0,1,4,1,0,0,0,1,0,0,1,0,1,1,0,0,0,1,0,1,0,0,1,4,1,1,0,0,2,1,0,2,0,4,2,0,0,0,2,0,0,0,0,0,8,0,0,0,0,0,0,1,0,0,1,1,0,1,1,3,0,0,0,0,4,0,0,1,0,1,1,0,0,0,1,0,0,0,0,0,0,0,0,0,0,2,1,1,0,2,4,0,0,0,0,0,0,0,0,0,0,1,0,0,1,2,6,0,0,0,0,0,1,0,0,1,2,0,0,0,0,0,0,1,1,3,3,0,1,0,4,0,0,1,0,1,0,0,0,0,0,2,1,1,0,4,9,0,0,0,0,0,0,0,0,0,0,0,0,1,1,0,0,1,1,2,1,0,0,0,1,0,0,0,0,0,0,0,0,0,0,0,0,0,0,1,0,0,0,1,1,0,0,1,0,1,0,0,0,0,0,0,1,0,1,3,0,0,0,1,1,0,0,0,1,1,0,0,0,0,0,0,1,0,0,1,3,0,1,1,0,2,0,0,0,0,0,3,0,0,0,3,0,1,0,1,7,1,0,0,2,3,0,0,1,1,0,0,0,0,0,0,0,0,0,0,4,0,0,0,0,0,0,0,0,1,1,0,0,2,0,0,0,0,2
4,0,1,0,0,1,1,0,1,1,3,0,1,0,0,1,0,1,0,0,1,6,0,0,1,0,1,0,1,0,0,1,2,0,0,1,3,0,0,0,2,2,7,0,1,0,0,1,0,0,1,0,1,1,0,0,0,2,0,0,0,0,0,4,1,0,0,0,1,0,1,1,0,2,1,0,0,0,1,0,0,0,0,0,4,0,0,0,0,0,0,0,0,0,0,0,0,1,0,1,0,0,0,0,1,0,0,0,0,0,0,1,0,2,3,0,0,0,0,0,0,2,0,0,2,5,1,1,1,1,4,0,0,0,0,0,1,0,0,0,1,0,0,1,1,2,7,1,1,1,0,3,0,0,1,1,2,0,0,0,0,1,1,0,2,7,1,1,1,0,3,0,1,2,0,3,0,0,1,0,1,1,0,1,0,2,9,0,0,0,0,0,0,0,0,0,0,0,0,1,1,2,0,0,2,3,2,0,0,0,2,0,0,0,0,0,0,0,0,0,0,0,0,0,0,3,0,0,0,0,0,0,0,0,0,0,1,0,0,1,0,0,1,0,1,2,0,1,0,1,2,0,0,0,1,1,1,0,0,0,1,0,1,0,0,1,5,0,0,0,0,0,0,1,0,0,1,2,0,1,0,3,1,0,0,1,5,0,1,0,1,2,0,0,1,1,0,0,0,0,0,0,0,0,0,0,3,0,0,0,1,1,0,1,1,0,1,0,0,1,0,0,0,0,3
4,0,1,0,0,1,1,1,0,1,3,0,1,0,1,2,0,1,0,0,1,7,1,0,1,0,2,0,0,0,1,1,1,0,0,0,1,1,0,0,0,1,5,1,0,0,0,1,0,0,1,0,1,1,0,0,0,1,0,0,1,0,1,4,0,0,0,0,0,0,0,1,0,2,1,0,0,0,1,1,0,0,0,1,4,0,1,0,1,2,0,0,0,0,0,0,0,1,0,1,0,0,0,0,3,0,0,0,0,0,0,0,0,0,0,0,0,0,0,0,0,0,0,1,1,1,1,1,0,2,4,0,0,0,0,0,0,0,0,1,1,0,1,0,1,2,7,0,0,1,1,2,0,0,1,0,1,0,0,0,0,0,1,0,1,4,1,0,2,0,3,1,0,1,0,2,0,0,0,0,0,0,1,1,0,2,7,1,0,0,0,1,0,0,0,0,0,0,0,1,1,1,0,0,1,3,1,0,0,0,1,1,0,0,0,1,0,0,0,0,0,1,0,0,1,3,0,0,0,0,0,0,0,1,1,2,0,1,0,1,0,0,1,0,1,4,0,1,0,0,1,0,0,0,0,0,1,0,0,0,1,0,0,0,1,1,3,0,0,0,0,0,0,0,0,0,0,3,0,1,0,4,0,1,0,1,6,0,1,0,0,1,0,0,1,1,0,1,0,0,1,0,0,0,0,0,3,1,0,0,0,1,0,1,1,0,1,0,0,1,0,0,0,0,3
4,0,0,0,0,0,0,0,0,0,0,0,1,0,0,1,0,1,0,0,1,2,0,0,1,0,1,0,0,0,0,0,1,0,0,2,3,0,1,0,0,1,5,1,2,0,1,4,0,0,1,0,1,1,0,0,0,1,0,0,0,0,0,6,0,0,0,0,0,0,0,1,0,1,1,0,0,1,2,0,0,0,0,1,4,0,0,0,0,0,0,0,0,0,0,0,0,1,0,1,0,0,0,0,1,0,0,0,0,0,0,0,0,0,0,0,0,0,0,0,0,0,0,0,0,0,0,2,0,2,4,0,0,0,0,0,0,0,0,0,0,0,0,1,2,3,7,0,1,1,0,2,0,0,1,1,2,0,0,0,0,0,0,1,1,5,0,0,1,1,2,1,0,3,0,4,3,0,0,0,3,0,0,2,1,3,12,0,0,0,0,0,0,0,0,0,1,0,0,1,2,1,1,0,2,4,1,0,0,0,1,0,0,1,0,1,0,1,1,0,2,0,0,0,0,4,0,0,0,0,0,0,0,0,1,1,1,0,0,1,0,0,2,0,2,4,0,0,0,0,0,0,0,0,1,1,1,0,0,0,1,0,0,0,0,0,2,0,0,0,0,0,0,0,0,0,0,2,0,0,0,2,1,0,1,2,4,0,0,3,0,3,0,0,2,2,0,0,1,0,1,0,1,0,0,1,7,0,0,0,0,0,0,0,0,1,2,0,0,3,0,0,0,0,4
4,0,1,0,0,1,1,0,0,1,2,0,1,0,1,2,0,2,0,0,2,7,2,0,1,0,3,1,0,0,0,1,1,0,0,0,1,0,0,1,0,1,6,1,0,0,0,1,0,0,1,0,1,1,0,0,0,1,0,0,1,0,1,4,0,0,0,0,0,1,0,2,0,4,1,0,0,0,1,0,0,0,0,0,5,0,1,0,2,3,0,1,0,0,1,0,0,1,0,1,0,1,0,1,6,0,0,0,1,1,0,0,0,0,0,0,0,0,0,0,0,0,0,0,0,1,1,1,0,2,4,0,0,0,1,1,0,0,0,0,0,0,1,0,1,2,7,0,0,1,0,1,0,0,2,0,2,0,0,1,1,0,0,0,0,4,1,0,2,0,3,2,0,1,0,3,0,0,0,0,0,0,1,1,0,2,8,0,0,0,0,0,0,0,0,0,0,0,0,1,1,1,1,0,2,3,1,0,0,0,1,0,0,0,0,0,0,0,0,0,0,0,0,0,0,1,0,0,0,0,0,1,0,0,1,2,1,0,0,1,0,0,1,0,1,4,0,0,0,0,0,0,0,0,0,0,1,0,0,0,1,0,0,0,0,0,1,1,1,0,0,2,0,0,0,0,0,3,1,0,0,4,0,1,0,1,8,0,2,0,0,2,0,0,1,1,0,0,0,0,0,0,1,0,0,1,4,0,0,0,0,0,0,0,0,0,1,0,0,1,0,0,0,0,1
4,0,0,0,0,0,1,0,0,0,1,0,1,0,0,1,0,1,0,0,1,3,1,0,1,1,3,0,0,0,0,0,1,0,0,1,2,0,0,0,0,0,5,0,0,1,0,1,1,0,1,0,2,1,0,0,1,2,0,0,0,1,2,7,0,0,0,0,0,0,0,1,0,1,1,0,0,0,1,1,1,0,0,2,4,0,1,0,1,2,0,0,0,0,0,0,0,1,1,2,0,0,1,1,5,0,0,0,0,0,0,0,0,0,0,0,0,0,0,0,0,0,0,0,0,0,0,2,1,2,5,0,0,0,0,0,0,0,0,0,0,0,0,0,2,2,7,0,0,1,0,1,0,0,1,0,1,0,0,0,0,0,0,0,0,2,0,0,1,0,1,2,0,2,0,4,0,0,1,1,2,0,0,1,1,2,9,1,0,1,0,2,0,0,0,0,0,0,0,1,1,1,1,0,2,5,1,0,0,0,1,0,0,0,0,0,0,0,0,0,0,0,1,0,1,2,0,0,0,0,0,0,0,0,0,0,1,0,0,1,0,0,2,1,3,5,0,0,0,0,0,0,0,0,0,0,1,1,0,0,2,0,0,0,0,0,2,0,0,0,0,0,0,0,0,0,0,3,0,0,0,3,0,0,0,0,3,0,2,0,0,2,1,0,2,3,0,0,0,0,0,0,0,0,0,0,5,0,0,1,0,1,0,1,1,0,3,0,0,3,0,1,0,1,6
4,0,0,0,0,0,1,0,0,0,1,0,1,0,1,2,0,1,0,0,1,4,1,1,1,0,3,0,0,1,0,1,1,0,0,0,1,0,1,0,0,1,6,1,1,0,0,2,0,0,1,0,1,1,0,0,0,1,0,0,1,0,1,5,0,0,0,0,0,0,0,1,0,2,1,0,0,0,1,0,0,0,0,0,3,0,1,0,1,2,0,0,0,1,1,0,0,1,0,1,0,0,0,0,4,0,0,0,0,0,0,0,1,0,1,0,1,1,0,2,0,0,0,0,0,3,0,1,1,2,4,0,0,0,2,2,0,1,0,0,1,0,0,1,1,2,9,0,0,1,0,1,0,0,2,0,2,0,0,0,0,0,1,0,1,4,0,0,2,0,2,2,1,1,0,4,1,0,0,0,1,0,1,1,0,2,9,1,0,0,0,1,0,1,0,1,0,0,0,1,1,1,1,1,3,6,1,0,0,0,1,1,0,0,0,1,0,0,0,0,0,0,0,0,0,2,0,0,0,0,0,0,0,0,0,0,1,0,0,2,0,0,1,0,1,3,0,0,0,0,0,0,0,0,0,0,1,0,0,0,1,0,0,0,0,0,1,0,0,0,0,0,0,0,0,0,0,3,0,0,1,4,0,0,0,0,5,0,2,0,0,2,0,1,1,2,0,0,0,0,0,0,0,0,0,0,4,0,0,0,0,0,0,1,1,0,1,0,0,1,0,0,0,0,2
4,0,0,0,0,0,1,0,1,2,4,0,1,0,0,1,1,1,0,0,2,7,3,1,1,0,5,0,0,0,0,0,2,0,1,1,4,0,2,0,0,2,11,0,1,0,0,1,0,0,1,0,1,1,0,0,0,1,0,0,0,0,0,3,0,1,0,0,1,0,0,1,0,1,1,0,0,0,1,0,1,0,0,2,5,0,2,0,2,4,1,0,0,0,1,0,0,1,0,1,0,0,1,1,7,0,0,0,0,0,0,0,0,0,0,0,0,0,0,0,0,0,0,0,0,0,0,2,0,2,4,1,0,0,0,1,1,0,0,0,1,1,0,1,1,3,9,0,0,1,0,1,0,0,2,1,3,0,0,0,0,0,0,0,0,4,0,1,1,0,2,3,0,2,0,5,0,0,0,0,0,0,0,1,1,2,9,0,0,0,1,1,0,0,0,0,0,0,0,1,1,1,0,0,1,3,2,0,0,0,2,0,0,0,0,0,0,0,0,0,0,0,0,0,0,2,1,0,0,0,1,0,0,0,0,0,1,0,0,1,0,0,1,0,1,3,0,1,0,0,1,0,0,1,0,1,1,0,0,0,1,0,0,0,0,0,3,1,0,0,0,1,0,0,0,0,0,2,1,0,0,3,0,1,0,1,5,0,2,0,0,2,0,0,1,1,0,0,0,0,0,0,0,0,0,0,3,0,0,0,0,0,1,0,1,0,1,0,0,1,0,0,0,0,3
4,0,1,0,0,1,2,0,0,1,3,0,1,0,1,2,0,2,0,0,2,8,3,0,1,0,4,0,0,0,0,0,1,0,0,0,1,1,0,0,0,1,6,1,0,0,0,1,0,0,1,0,1,1,0,0,0,1,0,0,1,0,1,4,0,0,0,0,0,1,0,1,1,4,1,0,0,0,1,0,0,0,0,0,5,0,2,0,2,4,0,0,0,0,0,0,0,1,0,1,0,0,0,0,5,0,0,0,0,0,0,0,0,0,0,0,0,0,0,0,0,0,0,0,0,0,1,1,0,2,4,0,0,0,0,0,0,0,0,1,1,0,1,0,1,2,7,0,0,1,1,2,0,0,1,0,1,0,0,0,0,0,1,0,1,4,1,0,2,0,3,2,0,1,0,3,0,0,0,0,0,0,1,1,0,2,8,0,0,0,0,0,0,0,0,0,0,0,0,1,1,1,0,0,1,2,1,0,0,0,1,0,0,0,0,0,0,0,0,0,0,1,0,0,1,2,0,0,0,0,0,0,0,1,1,2,1,0,0,1,0,0,1,0,1,4,0,0,0,0,0,0,0,0,0,0,1,0,0,0,1,0,1,0,0,1,2,1,0,0,0,1,0,0,0,0,0,3,0,1,0,4,0,1,1,2,8,0,2,0,0,2,0,0,1,1,0,0,0,0,0,0,0,0,0,0,3,0,0,0,0,0,0,1,1,0,1,0,0,1,0,0,0,0,2
